FIPS,State,County,Unin_children,Per_Unin_children
01000,Alabama,,36123,3
01001,Alabama,Autauga,350,3
01003,Alabama,Baldwin,1857,4
01005,Alabama,Barbour,180,3
01007,Alabama,Bibb,134,3
01009,Alabama,Blount,622,4
01011,Alabama,Bullock,55,3
01013,Alabama,Butler,130,3
01015,Alabama,Calhoun,724,3
01017,Alabama,Chambers,196,3
01019,Alabama,Cherokee,189,4
01021,Alabama,Chilton,485,4
01023,Alabama,Choctaw,108,4
01025,Alabama,Clarke,166,3
01027,Alabama,Clay,128,5
01029,Alabama,Cleburne,145,4
01031,Alabama,Coffee,436,3
01033,Alabama,Colbert,341,3
01035,Alabama,Conecuh,87,3
01037,Alabama,Coosa,80,4
01039,Alabama,Covington,305,4
01041,Alabama,Crenshaw,143,4
01043,Alabama,Cullman,732,4
01045,Alabama,Dale,320,3
01047,Alabama,Dallas,228,2
01049,Alabama,DeKalb,886,5
01051,Alabama,Elmore,568,3
01053,Alabama,Escambia,328,4
01055,Alabama,Etowah,645,3
01057,Alabama,Fayette,125,3
01059,Alabama,Franklin,402,5
01061,Alabama,Geneva,217,4
01063,Alabama,Greene,58,3
01065,Alabama,Hale,106,3
01067,Alabama,Henry,146,4
01069,Alabama,Houston,604,2
01071,Alabama,Jackson,403,4
01073,Alabama,Jefferson,4545,3
01075,Alabama,Lamar,121,4
01077,Alabama,Lauderdale,597,3
01079,Alabama,Lawrence,287,4
01081,Alabama,Lee,1191,3
01083,Alabama,Limestone,804,4
01085,Alabama,Lowndes,62,3
01087,Alabama,Macon,76,2
01089,Alabama,Madison,2586,3
01091,Alabama,Marengo,137,3
01093,Alabama,Marion,221,3
01095,Alabama,Marshall,953,4
01097,Alabama,Mobile,2850,3
01099,Alabama,Monroe,152,3
01101,Alabama,Montgomery,1676,3
01103,Alabama,Morgan,1032,4
01105,Alabama,Perry,53,3
01107,Alabama,Pickens,157,4
01109,Alabama,Pike,214,3
01111,Alabama,Randolph,173,3
01113,Alabama,Russell,380,3
01115,Alabama,St. Clair,639,3
01117,Alabama,Shelby,1362,3
01119,Alabama,Sumter,83,3
01121,Alabama,Talladega,500,3
01123,Alabama,Tallapoosa,305,4
01125,Alabama,Tuscaloosa,1362,3
01127,Alabama,Walker,513,4
01129,Alabama,Washington,171,5
01131,Alabama,Wilcox,86,3
01133,Alabama,Winston,206,4
02000,Alaska,,16861,9
02013,Alaska,Aleutians East,33,12
02016,Alaska,Aleutians West,77,11
02020,Alaska,Anchorage,5615,8
02050,Alaska,Bethel,554,8
02060,Alaska,Bristol Bay,23,13
02068,Alaska,Denali,32,8
02070,Alaska,Dillingham,171,11
02090,Alaska,Fairbanks North Star,1964,8
02100,Alaska,Haines,45,10
02105,Alaska,Hoonah-Angoon,61,15
02110,Alaska,Juneau,504,7
02122,Alaska,Kenai Peninsula,1408,10
02130,Alaska,Ketchikan Gateway,350,11
02150,Alaska,Kodiak Island,487,14
02158,Alaska,Kusilvak,250,7
02164,Alaska,Lake and Peninsula,58,12
02170,Alaska,Matanuska-Susitna,3125,10
02180,Alaska,Nome,359,10
02185,Alaska,North Slope,278,10
02188,Alaska,Northwest Arctic,249,9
02195,Alaska,Petersburg,83,12
02198,Alaska,Prince of Wales-Hyder,208,14
02220,Alaska,Sitka,201,10
02230,Alaska,Skagway,16,9
02240,Alaska,Southeast Fairbanks,232,13
02261,Alaska,Valdez-Cordova,217,10
02275,Alaska,Wrangell,72,14
02282,Alaska,Yakutat,14,13
02290,Alaska,Yukon-Koyukuk,175,12
04000,Arizona,,143054,8
04001,Arizona,Apache,2864,14
04003,Arizona,Cochise,2100,7
04005,Arizona,Coconino,2791,9
04007,Arizona,Gila,1113,10
04009,Arizona,Graham,918,9
04011,Arizona,Greenlee,151,6
04012,Arizona,La Paz,519,14
04013,Arizona,Maricopa,90237,8
04015,Arizona,Mohave,2963,8
04017,Arizona,Navajo,2544,8
04019,Arizona,Pima,18156,8
04021,Arizona,Pinal,8424,8
04023,Arizona,Santa Cruz,1549,12
04025,Arizona,Yavapai,4188,11
04027,Arizona,Yuma,4537,8
05000,Arkansas,,31477,4
05001,Arkansas,Arkansas,177,4
05003,Arkansas,Ashley,193,4
05005,Arkansas,Baxter,322,4
05007,Arkansas,Benton,4058,5
05009,Arkansas,Boone,353,4
05011,Arkansas,Bradley,133,5
05013,Arkansas,Calhoun,42,4
05015,Arkansas,Carroll,377,6
05017,Arkansas,Chicot,93,4
05019,Arkansas,Clark,162,4
05021,Arkansas,Clay,143,4
05023,Arkansas,Cleburne,216,4
05025,Arkansas,Cleveland,77,4
05027,Arkansas,Columbia,203,4
05029,Arkansas,Conway,190,4
05031,Arkansas,Craighead,1145,4
05033,Arkansas,Crawford,780,5
05035,Arkansas,Crittenden,454,3
05037,Arkansas,Cross,154,4
05039,Arkansas,Dallas,49,3
05041,Arkansas,Desha,137,5
05043,Arkansas,Drew,153,4
05045,Arkansas,Faulkner,1107,4
05047,Arkansas,Franklin,189,4
05049,Arkansas,Fulton,125,5
05051,Arkansas,Garland,919,4
05053,Arkansas,Grant,150,3
05055,Arkansas,Greene,347,3
05057,Arkansas,Hempstead,274,5
05059,Arkansas,Hot Spring,231,3
05061,Arkansas,Howard,198,6
05063,Arkansas,Independence,377,4
05065,Arkansas,Izard,151,6
05067,Arkansas,Jackson,141,4
05069,Arkansas,Jefferson,502,3
05071,Arkansas,Johnson,324,5
05073,Arkansas,Lafayette,62,5
05075,Arkansas,Lawrence,145,4
05077,Arkansas,Lee,60,4
05079,Arkansas,Lincoln,110,5
05081,Arkansas,Little River,114,4
05083,Arkansas,Logan,190,4
05085,Arkansas,Lonoke,737,4
05087,Arkansas,Madison,253,6
05089,Arkansas,Marion,163,5
05091,Arkansas,Miller,363,3
05093,Arkansas,Mississippi,376,3
05095,Arkansas,Monroe,53,4
05097,Arkansas,Montgomery,103,6
05099,Arkansas,Nevada,67,3
05101,Arkansas,Newton,71,5
05103,Arkansas,Ouachita,179,3
05105,Arkansas,Perry,116,5
05107,Arkansas,Phillips,148,3
05109,Arkansas,Pike,143,6
05111,Arkansas,Poinsett,208,4
05113,Arkansas,Polk,237,5
05115,Arkansas,Pope,633,4
05117,Arkansas,Prairie,82,5
05119,Arkansas,Pulaski,3205,3
05121,Arkansas,Randolph,192,5
05123,Arkansas,St. Francis,168,3
05125,Arkansas,Saline,1003,3
05127,Arkansas,Scott,129,5
05129,Arkansas,Searcy,80,5
05131,Arkansas,Sebastian,1590,5
05133,Arkansas,Sevier,328,7
05135,Arkansas,Sharp,166,5
05137,Arkansas,Stone,161,7
05139,Arkansas,Union,433,4
05141,Arkansas,Van Buren,173,5
05143,Arkansas,Washington,3428,6
05145,Arkansas,White,781,4
05147,Arkansas,Woodruff,67,5
05149,Arkansas,Yell,314,6
06000,California,,296145,3
06001,California,Alameda,8207,2
06003,California,Alpine,9,4
06005,California,Amador,196,3
06007,California,Butte,1502,3
06009,California,Calaveras,288,4
06011,California,Colusa,253,4
06013,California,Contra Costa,7788,3
06015,California,Del Norte,184,3
06017,California,El Dorado,1079,3
06019,California,Fresno,7512,3
06021,California,Glenn,362,5
06023,California,Humboldt,897,3
06025,California,Imperial,1406,3
06027,California,Inyo,141,4
06029,California,Kern,9321,4
06031,California,Kings,1299,3
06033,California,Lake,477,3
06035,California,Lassen,137,3
06037,California,Los Angeles,77158,3
06039,California,Madera,1723,4
06041,California,Marin,1332,2
06043,California,Mariposa,120,4
06045,California,Mendocino,803,4
06047,California,Merced,2510,3
06049,California,Modoc,68,4
06051,California,Mono,122,5
06053,California,Monterey,4262,4
06055,California,Napa,978,3
06057,California,Nevada,559,3
06059,California,Orange,23102,3
06061,California,Placer,2084,2
06063,California,Plumas,105,3
06065,California,Riverside,21739,3
06067,California,Sacramento,9207,2
06069,California,San Benito,547,3
06071,California,San Bernardino,21442,4
06073,California,San Diego,30216,4
06075,California,San Francisco,2834,2
06077,California,San Joaquin,5444,3
06079,California,San Luis Obispo,1692,3
06081,California,San Mateo,4137,2
06083,California,Santa Barbara,4211,4
06085,California,Santa Clara,10200,2
06087,California,Santa Cruz,1979,4
06089,California,Shasta,1096,3
06091,California,Sierra,18,4
06093,California,Siskiyou,366,4
06095,California,Solano,2457,2
06097,California,Sonoma,3492,3
06099,California,Stanislaus,4522,3
06101,California,Sutter,841,3
06103,California,Tehama,522,3
06105,California,Trinity,100,5
06107,California,Tulare,4593,3
06109,California,Tuolumne,275,3
06111,California,Ventura,6301,3
06113,California,Yolo,1323,3
06115,California,Yuba,607,3
08000,Colorado,,62493,5
08001,Colorado,Adams,7226,5
08003,Colorado,Alamosa,276,7
08005,Colorado,Arapahoe,8291,5
08007,Colorado,Archuleta,201,8
08009,Colorado,Baca,91,11
08011,Colorado,Bent,51,6
08013,Colorado,Boulder,2678,4
08014,Colorado,Broomfield,491,3
08015,Colorado,Chaffee,205,7
08017,Colorado,Cheyenne,51,11
08019,Colorado,Clear Creek,70,5
08021,Colorado,Conejos,133,6
08023,Colorado,Costilla,46,6
08025,Colorado,Crowley,43,6
08027,Colorado,Custer,58,8
08029,Colorado,Delta,403,6
08031,Colorado,Denver,6614,5
08033,Colorado,Dolores,29,7
08035,Colorado,Douglas,2484,3
08037,Colorado,Eagle,967,8
08039,Colorado,Elbert,302,5
08041,Colorado,El Paso,8655,5
08043,Colorado,Fremont,326,4
08045,Colorado,Garfield,1108,7
08047,Colorado,Gilpin,31,3
08049,Colorado,Grand,176,6
08051,Colorado,Gunnison,166,5
08053,Colorado,Hinsdale,12,9
08055,Colorado,Huerfano,52,5
08057,Colorado,Jackson,20,8
08059,Colorado,Jefferson,4854,4
08061,Colorado,Kiowa,26,8
08063,Colorado,Kit Carson,177,10
08065,Colorado,Lake,95,6
08067,Colorado,La Plata,646,6
08069,Colorado,Larimer,3086,4
08071,Colorado,Las Animas,165,6
08073,Colorado,Lincoln,79,7
08075,Colorado,Logan,240,6
08077,Colorado,Mesa,1714,5
08079,Colorado,Mineral,8,7
08081,Colorado,Moffat,188,5
08083,Colorado,Montezuma,403,7
08085,Colorado,Montrose,593,6
08087,Colorado,Morgan,527,7
08089,Colorado,Otero,230,5
08091,Colorado,Ouray,48,6
08093,Colorado,Park,174,6
08095,Colorado,Phillips,109,10
08097,Colorado,Pitkin,257,9
08099,Colorado,Prowers,213,7
08101,Colorado,Pueblo,1394,4
08103,Colorado,Rio Blanco,92,6
08105,Colorado,Rio Grande,174,7
08107,Colorado,Routt,270,6
08109,Colorado,Saguache,139,10
08111,Colorado,San Juan,8,8
08113,Colorado,San Miguel,130,9
08115,Colorado,Sedgwick,40,9
08117,Colorado,Summit,316,6
08119,Colorado,Teller,209,5
08121,Colorado,Washington,78,7
08123,Colorado,Weld,4315,5
08125,Colorado,Yuma,240,9
09000,Connecticut,,19630,3
09001,Connecticut,Fairfield,8227,4
09003,Connecticut,Hartford,3822,2
09005,Connecticut,Litchfield,776,2
09007,Connecticut,Middlesex,529,2
09009,Connecticut,New Haven,4004,2
09011,Connecticut,New London,1231,2
09013,Connecticut,Tolland,477,2
09015,Connecticut,Windham,564,2
10000,Delaware,,7663,4
10001,Delaware,Kent,1590,4
10003,Delaware,New Castle,4033,3
10005,Delaware,Sussex,2040,5
11000,District of Columbia,,2220,2
11001,District of Columbia,District of Columbia,2220,2
12000,Florida,,331182,8
12001,Florida,Alachua,3160,6
12003,Florida,Baker,453,6
12005,Florida,Bay,3080,8
12007,Florida,Bradford,398,7
12009,Florida,Brevard,7280,6
12011,Florida,Broward,36250,8
12013,Florida,Calhoun,219,7
12015,Florida,Charlotte,1846,8
12017,Florida,Citrus,1720,8
12019,Florida,Clay,4057,8
12021,Florida,Collier,7884,12
12023,Florida,Columbia,1008,6
12027,Florida,DeSoto,687,10
12029,Florida,Dixie,241,8
12031,Florida,Duval,15096,7
12033,Florida,Escambia,3882,6
12035,Florida,Flagler,1674,9
12037,Florida,Franklin,172,9
12039,Florida,Gadsden,720,7
12041,Florida,Gilchrist,321,8
12043,Florida,Glades,296,14
12045,Florida,Gulf,181,7
12047,Florida,Hamilton,178,7
12049,Florida,Hardee,577,8
12051,Florida,Hendry,1172,11
12053,Florida,Hernando,2699,7
12055,Florida,Highlands,1495,8
12057,Florida,Hillsborough,22108,7
12059,Florida,Holmes,341,9
12061,Florida,Indian River,2520,10
12063,Florida,Jackson,715,8
12065,Florida,Jefferson,218,9
12067,Florida,Lafayette,192,11
12069,Florida,Lake,5819,8
12071,Florida,Lee,13510,10
12073,Florida,Leon,3348,6
12075,Florida,Levy,689,9
12077,Florida,Liberty,111,7
12079,Florida,Madison,233,7
12081,Florida,Manatee,7049,9
12083,Florida,Marion,5577,8
12085,Florida,Martin,2464,9
12086,Florida,Miami-Dade,42095,7
12087,Florida,Monroe,1177,10
12089,Florida,Nassau,1135,6
12091,Florida,Okaloosa,3382,7
12093,Florida,Okeechobee,950,11
12095,Florida,Orange,22843,7
12097,Florida,Osceola,6602,7
12099,Florida,Palm Beach,24230,8
12101,Florida,Pasco,7331,6
12103,Florida,Pinellas,11354,7
12105,Florida,Polk,10484,7
12107,Florida,Putnam,1123,7
12109,Florida,St. Johns,3632,6
12111,Florida,St. Lucie,6219,10
12113,Florida,Santa Rosa,2518,6
12115,Florida,Sarasota,6623,10
12117,Florida,Seminole,6489,6
12119,Florida,Sumter,689,7
12121,Florida,Suwannee,841,9
12123,Florida,Taylor,316,7
12125,Florida,Union,232,8
12127,Florida,Volusia,6885,7
12129,Florida,Wakulla,479,7
12131,Florida,Walton,1538,10
12133,Florida,Washington,375,7
13000,Georgia,,206642,8
13001,Georgia,Appling,432,9
13003,Georgia,Atkinson,235,11
13005,Georgia,Bacon,322,11
13007,Georgia,Baker,51,8
13009,Georgia,Baldwin,574,7
13011,Georgia,Banks,528,12
13013,Georgia,Barrow,1995,9
13015,Georgia,Bartow,2286,9
13017,Georgia,Ben Hill,295,7
13019,Georgia,Berrien,470,10
13021,Georgia,Bibb,2240,6
13023,Georgia,Bleckley,189,7
13025,Georgia,Brantley,397,9
13027,Georgia,Brooks,291,8
13029,Georgia,Bryan,792,7
13031,Georgia,Bulloch,1079,7
13033,Georgia,Burke,375,6
13035,Georgia,Butts,385,8
13037,Georgia,Calhoun,100,9
13039,Georgia,Camden,909,7
13043,Georgia,Candler,318,12
13045,Georgia,Carroll,2041,7
13047,Georgia,Catoosa,1030,6
13049,Georgia,Charlton,201,8
13051,Georgia,Chatham,4759,8
13053,Georgia,Chattahoochee,109,5
13055,Georgia,Chattooga,508,9
13057,Georgia,Cherokee,4898,7
13059,Georgia,Clarke,1744,8
13061,Georgia,Clay,39,7
13063,Georgia,Clayton,5888,7
13065,Georgia,Clinch,125,7
13067,Georgia,Cobb,15543,8
13069,Georgia,Coffee,960,9
13071,Georgia,Colquitt,1222,10
13073,Georgia,Columbia,2226,5
13075,Georgia,Cook,331,8
13077,Georgia,Coweta,2922,8
13079,Georgia,Crawford,236,9
13081,Georgia,Crisp,365,7
13083,Georgia,Dade,282,9
13085,Georgia,Dawson,528,10
13087,Georgia,Decatur,451,7
13089,Georgia,DeKalb,15029,8
13091,Georgia,Dodge,288,7
13093,Georgia,Dooly,200,8
13095,Georgia,Dougherty,1225,6
13097,Georgia,Douglas,2673,7
13099,Georgia,Early,173,7
13101,Georgia,Echols,122,11
13103,Georgia,Effingham,1072,6
13105,Georgia,Elbert,345,8
13107,Georgia,Emanuel,394,7
13109,Georgia,Evans,240,8
13111,Georgia,Fannin,506,11
13113,Georgia,Fayette,1898,7
13115,Georgia,Floyd,2132,9
13117,Georgia,Forsyth,4386,6
13119,Georgia,Franklin,459,9
13121,Georgia,Fulton,18841,8
13123,Georgia,Gilmer,838,14
13125,Georgia,Glascock,47,7
13127,Georgia,Glynn,1655,9
13129,Georgia,Gordon,1420,10
13131,Georgia,Grady,652,11
13133,Georgia,Greene,418,13
13135,Georgia,Gwinnett,24651,9
13137,Georgia,Habersham,1124,11
13139,Georgia,Hall,5598,11
13141,Georgia,Hancock,72,6
13143,Georgia,Haralson,512,7
13145,Georgia,Harris,579,7
13147,Georgia,Hart,521,9
13149,Georgia,Heard,214,8
13151,Georgia,Henry,5093,8
13153,Georgia,Houston,2520,6
13155,Georgia,Irwin,146,7
13157,Georgia,Jackson,1514,8
13159,Georgia,Jasper,321,9
13161,Georgia,Jeff Davis,364,9
13163,Georgia,Jefferson,328,9
13165,Georgia,Jenkins,127,7
13167,Georgia,Johnson,138,7
13169,Georgia,Jones,469,7
13171,Georgia,Lamar,266,7
13173,Georgia,Lanier,176,7
13175,Georgia,Laurens,798,7
13177,Georgia,Lee,505,6
13179,Georgia,Liberty,1049,6
13181,Georgia,Lincoln,133,8
13183,Georgia,Long,457,9
13185,Georgia,Lowndes,2208,8
13187,Georgia,Lumpkin,579,10
13189,Georgia,McDuffie,368,7
13191,Georgia,McIntosh,202,8
13193,Georgia,Macon,215,9
13195,Georgia,Madison,642,9
13197,Georgia,Marion,147,8
13199,Georgia,Meriwether,387,8
13201,Georgia,Miller,123,9
13205,Georgia,Mitchell,371,7
13207,Georgia,Monroe,460,8
13209,Georgia,Montgomery,183,10
13211,Georgia,Morgan,398,9
13213,Georgia,Murray,1017,10
13215,Georgia,Muscogee,2880,6
13217,Georgia,Newton,2145,7
13219,Georgia,Oconee,810,7
13221,Georgia,Oglethorpe,352,11
13223,Georgia,Paulding,2779,6
13225,Georgia,Peach,447,8
13227,Georgia,Pickens,658,10
13229,Georgia,Pierce,418,8
13231,Georgia,Pike,358,8
13233,Georgia,Polk,988,9
13235,Georgia,Pulaski,165,8
13237,Georgia,Putnam,452,10
13239,Georgia,Quitman,36,9
13241,Georgia,Rabun,379,13
13243,Georgia,Randolph,82,6
13245,Georgia,Richmond,2918,6
13247,Georgia,Rockdale,2064,9
13249,Georgia,Schley,114,8
13251,Georgia,Screven,216,8
13253,Georgia,Seminole,126,7
13255,Georgia,Spalding,1206,8
13257,Georgia,Stephens,479,8
13259,Georgia,Stewart,53,7
13261,Georgia,Sumter,491,7
13263,Georgia,Talbot,82,8
13265,Georgia,Taliaferro,20,7
13267,Georgia,Tattnall,504,10
13269,Georgia,Taylor,117,7
13271,Georgia,Telfair,168,6
13273,Georgia,Terrell,130,7
13275,Georgia,Thomas,911,8
13277,Georgia,Tift,906,9
13279,Georgia,Toombs,604,8
13281,Georgia,Towns,191,12
13283,Georgia,Treutlen,113,7
13285,Georgia,Troup,1247,7
13287,Georgia,Turner,157,8
13289,Georgia,Twiggs,135,8
13291,Georgia,Union,434,11
13293,Georgia,Upson,385,6
13295,Georgia,Walker,1073,7
13297,Georgia,Walton,2077,9
13299,Georgia,Ware,626,7
13301,Georgia,Warren,71,7
13303,Georgia,Washington,282,6
13305,Georgia,Wayne,566,8
13307,Georgia,Webster,43,8
13309,Georgia,Wheeler,97,7
13311,Georgia,White,574,9
13313,Georgia,Whitfield,2977,11
13315,Georgia,Wilcox,148,9
13317,Georgia,Wilkes,194,9
13319,Georgia,Wilkinson,181,9
13321,Georgia,Worth,354,8
15000,Hawaii,,8302,3
15001,Hawaii,Hawaii,1579,3
15003,Hawaii,Honolulu,4934,2
15005,Hawaii,Kalawao,,
15007,Hawaii,Kauai,493,3
15009,Hawaii,Maui,1296,3
16000,Idaho,,28091,6
16001,Idaho,Ada,5197,4
16003,Idaho,Adams,67,9
16005,Idaho,Bannock,1505,6
16007,Idaho,Bear Lake,104,6
16009,Idaho,Benewah,154,7
16011,Idaho,Bingham,1037,7
16013,Idaho,Blaine,547,10
16015,Idaho,Boise,97,7
16017,Idaho,Bonner,687,8
16019,Idaho,Bonneville,1740,5
16021,Idaho,Boundary,254,9
16023,Idaho,Butte,50,8
16025,Idaho,Camas,23,9
16027,Idaho,Canyon,3961,6
16029,Idaho,Caribou,130,6
16031,Idaho,Cassia,625,8
16033,Idaho,Clark,30,14
16035,Idaho,Clearwater,90,6
16037,Idaho,Custer,61,8
16039,Idaho,Elmore,407,6
16041,Idaho,Franklin,346,8
16043,Idaho,Fremont,242,7
16045,Idaho,Gem,322,8
16047,Idaho,Gooding,399,9
16049,Idaho,Idaho,294,9
16051,Idaho,Jefferson,729,7
16053,Idaho,Jerome,752,10
16055,Idaho,Kootenai,2215,6
16057,Idaho,Latah,485,6
16059,Idaho,Lemhi,101,7
16061,Idaho,Lewis,60,7
16063,Idaho,Lincoln,152,10
16065,Idaho,Madison,545,5
16067,Idaho,Minidoka,541,9
16069,Idaho,Nez Perce,522,6
16071,Idaho,Oneida,104,8
16073,Idaho,Owyhee,336,11
16075,Idaho,Payette,424,7
16077,Idaho,Power,200,8
16079,Idaho,Shoshone,170,6
16081,Idaho,Teton,288,10
16083,Idaho,Twin Falls,1740,7
16085,Idaho,Valley,166,8
16087,Idaho,Washington,192,8
17000,Illinois,,99251,3
17001,Illinois,Adams,385,3
17003,Illinois,Alexander,33,2
17005,Illinois,Bond,101,3
17007,Illinois,Boone,473,3
17009,Illinois,Brown,22,2
17011,Illinois,Bureau,286,4
17013,Illinois,Calhoun,32,3
17015,Illinois,Carroll,109,4
17017,Illinois,Cass,117,4
17019,Illinois,Champaign,1264,3
17021,Illinois,Christian,192,3
17023,Illinois,Clark,100,3
17025,Illinois,Clay,92,3
17027,Illinois,Clinton,252,3
17029,Illinois,Coles,274,3
17031,Illinois,Cook,45385,4
17033,Illinois,Crawford,112,3
17035,Illinois,Cumberland,87,4
17037,Illinois,DeKalb,657,3
17039,Illinois,De Witt,96,3
17041,Illinois,Douglas,288,6
17043,Illinois,DuPage,6378,3
17045,Illinois,Edgar,110,3
17047,Illinois,Edwards,49,3
17049,Illinois,Effingham,235,3
17051,Illinois,Fayette,158,3
17053,Illinois,Ford,104,3
17055,Illinois,Franklin,257,3
17057,Illinois,Fulton,222,3
17059,Illinois,Gallatin,32,3
17061,Illinois,Greene,88,3
17063,Illinois,Grundy,316,2
17065,Illinois,Hamilton,53,3
17067,Illinois,Hancock,116,3
17069,Illinois,Hardin,25,3
17071,Illinois,Henderson,49,4
17073,Illinois,Henry,302,3
17075,Illinois,Iroquois,226,4
17077,Illinois,Jackson,359,3
17079,Illinois,Jasper,72,3
17081,Illinois,Jefferson,236,3
17083,Illinois,Jersey,121,3
17085,Illinois,Jo Daviess,147,4
17087,Illinois,Johnson,83,3
17089,Illinois,Kane,5968,4
17091,Illinois,Kankakee,714,3
17093,Illinois,Kendall,1019,3
17095,Illinois,Knox,261,3
17097,Illinois,Lake,5801,3
17099,Illinois,LaSalle,713,3
17101,Illinois,Lawrence,87,3
17103,Illinois,Lee,202,3
17105,Illinois,Livingston,260,3
17107,Illinois,Logan,160,3
17109,Illinois,McDonough,159,3
17111,Illinois,McHenry,1926,3
17113,Illinois,McLean,909,2
17115,Illinois,Macon,590,2
17117,Illinois,Macoupin,273,3
17119,Illinois,Madison,1669,3
17121,Illinois,Marion,259,3
17123,Illinois,Marshall,79,3
17125,Illinois,Mason,88,3
17127,Illinois,Massac,86,3
17129,Illinois,Menard,78,3
17131,Illinois,Mercer,104,3
17133,Illinois,Monroe,149,2
17135,Illinois,Montgomery,168,3
17137,Illinois,Morgan,161,2
17139,Illinois,Moultrie,208,5
17141,Illinois,Ogle,421,4
17143,Illinois,Peoria,1322,3
17145,Illinois,Perry,111,3
17147,Illinois,Piatt,107,3
17149,Illinois,Pike,126,4
17151,Illinois,Pope,22,4
17153,Illinois,Pulaski,40,3
17155,Illinois,Putnam,42,3
17157,Illinois,Randolph,183,3
17159,Illinois,Richland,113,3
17161,Illinois,Rock Island,1029,3
17163,Illinois,St. Clair,1733,3
17165,Illinois,Saline,153,3
17167,Illinois,Sangamon,1047,2
17169,Illinois,Schuyler,40,3
17171,Illinois,Scott,30,3
17173,Illinois,Shelby,143,3
17175,Illinois,Stark,40,3
17177,Illinois,Stephenson,290,3
17179,Illinois,Tazewell,676,2
17181,Illinois,Union,122,3
17183,Illinois,Vermilion,488,3
17185,Illinois,Wabash,86,3
17187,Illinois,Warren,133,3
17189,Illinois,Washington,81,3
17191,Illinois,Wayne,144,4
17193,Illinois,White,105,3
17195,Illinois,Whiteside,372,3
17197,Illinois,Will,4825,3
17199,Illinois,Williamson,386,3
17201,Illinois,Winnebago,2389,3
17203,Illinois,Woodford,266,3
18000,Indiana,,106332,7
18001,Indiana,Adams,906,8
18003,Indiana,Allen,7305,7
18005,Indiana,Bartholomew,1337,7
18007,Indiana,Benton,161,7
18009,Indiana,Blackford,146,5
18011,Indiana,Boone,914,5
18013,Indiana,Brown,224,8
18015,Indiana,Carroll,355,8
18017,Indiana,Cass,660,7
18019,Indiana,Clark,1459,5
18021,Indiana,Clay,318,5
18023,Indiana,Clinton,667,8
18025,Indiana,Crawford,183,8
18027,Indiana,Daviess,1546,15
18029,Indiana,Dearborn,586,5
18031,Indiana,Decatur,357,5
18033,Indiana,DeKalb,667,6
18035,Indiana,Delaware,1057,5
18037,Indiana,Dubois,615,6
18039,Indiana,Elkhart,6753,12
18041,Indiana,Fayette,316,6
18043,Indiana,Floyd,937,5
18045,Indiana,Fountain,223,6
18047,Indiana,Franklin,328,6
18049,Indiana,Fulton,424,9
18051,Indiana,Gibson,438,5
18053,Indiana,Grant,733,5
18055,Indiana,Greene,440,6
18057,Indiana,Hamilton,3728,4
18059,Indiana,Hancock,1015,5
18061,Indiana,Harrison,532,6
18063,Indiana,Hendricks,1953,4
18065,Indiana,Henry,505,5
18067,Indiana,Howard,982,5
18069,Indiana,Huntington,436,5
18071,Indiana,Jackson,758,7
18073,Indiana,Jasper,581,7
18075,Indiana,Jay,346,6
18077,Indiana,Jefferson,377,6
18079,Indiana,Jennings,423,6
18081,Indiana,Johnson,2886,7
18083,Indiana,Knox,454,6
18085,Indiana,Kosciusko,1464,7
18087,Indiana,LaGrange,3660,27
18089,Indiana,Lake,5551,5
18091,Indiana,LaPorte,1345,6
18093,Indiana,Lawrence,629,6
18095,Indiana,Madison,1519,5
18097,Indiana,Marion,18125,8
18099,Indiana,Marshall,1155,10
18101,Indiana,Martin,145,6
18103,Indiana,Miami,446,6
18105,Indiana,Monroe,1719,7
18107,Indiana,Montgomery,606,7
18109,Indiana,Morgan,1038,6
18111,Indiana,Newton,292,10
18113,Indiana,Noble,986,8
18115,Indiana,Ohio,65,6
18117,Indiana,Orange,295,6
18119,Indiana,Owen,342,8
18121,Indiana,Parke,267,7
18123,Indiana,Perry,227,6
18125,Indiana,Pike,195,7
18127,Indiana,Porter,2024,5
18129,Indiana,Posey,265,5
18131,Indiana,Pulaski,206,7
18133,Indiana,Putnam,416,5
18135,Indiana,Randolph,398,7
18137,Indiana,Ripley,454,6
18139,Indiana,Rush,290,7
18141,Indiana,St. Joseph,4395,7
18143,Indiana,Scott,298,5
18145,Indiana,Shelby,572,5
18147,Indiana,Spencer,300,6
18149,Indiana,Starke,339,6
18151,Indiana,Steuben,551,7
18153,Indiana,Sullivan,277,7
18155,Indiana,Switzerland,224,8
18157,Indiana,Tippecanoe,2518,6
18159,Indiana,Tipton,213,7
18161,Indiana,Union,94,6
18163,Indiana,Vanderburgh,1969,5
18165,Indiana,Vermillion,185,5
18167,Indiana,Vigo,1274,6
18169,Indiana,Wabash,375,6
18171,Indiana,Warren,101,5
18173,Indiana,Warrick,777,5
18175,Indiana,Washington,435,7
18177,Indiana,Wayne,944,6
18179,Indiana,Wells,406,6
18181,Indiana,White,413,7
18183,Indiana,Whitley,517,6
19000,Iowa,,20414,3
19001,Iowa,Adair,52,3
19003,Iowa,Adams,34,4
19005,Iowa,Allamakee,169,5
19007,Iowa,Appanoose,92,3
19009,Iowa,Audubon,44,4
19011,Iowa,Benton,158,3
19013,Iowa,Black Hawk,646,2
19015,Iowa,Boone,124,2
19017,Iowa,Bremer,113,2
19019,Iowa,Buchanan,164,3
19021,Iowa,Buena Vista,261,5
19023,Iowa,Butler,107,3
19025,Iowa,Calhoun,67,3
19027,Iowa,Carroll,129,3
19029,Iowa,Cass,107,4
19031,Iowa,Cedar,110,3
19033,Iowa,Cerro Gordo,192,2
19035,Iowa,Cherokee,84,3
19037,Iowa,Chickasaw,109,4
19039,Iowa,Clarke,79,3
19041,Iowa,Clay,106,3
19043,Iowa,Clayton,147,4
19045,Iowa,Clinton,265,2
19047,Iowa,Crawford,214,5
19049,Iowa,Dallas,482,2
19051,Iowa,Davis,223,8
19053,Iowa,Decatur,72,4
19055,Iowa,Delaware,137,3
19057,Iowa,Des Moines,218,2
19059,Iowa,Dickinson,90,3
19061,Iowa,Dubuque,474,2
19063,Iowa,Emmet,59,3
19065,Iowa,Fayette,128,3
19067,Iowa,Floyd,139,4
19069,Iowa,Franklin,89,4
19071,Iowa,Fremont,47,3
19073,Iowa,Greene,66,3
19075,Iowa,Grundy,71,2
19077,Iowa,Guthrie,88,4
19079,Iowa,Hamilton,97,3
19081,Iowa,Hancock,70,3
19083,Iowa,Hardin,94,3
19085,Iowa,Harrison,103,3
19087,Iowa,Henry,118,3
19089,Iowa,Howard,80,3
19091,Iowa,Humboldt,70,3
19093,Iowa,Ida,49,3
19095,Iowa,Iowa,96,2
19097,Iowa,Jackson,147,3
19099,Iowa,Jasper,176,2
19101,Iowa,Jefferson,111,4
19103,Iowa,Johnson,762,2
19105,Iowa,Jones,122,3
19107,Iowa,Keokuk,90,4
19109,Iowa,Kossuth,107,3
19111,Iowa,Lee,168,2
19113,Iowa,Linn,1212,2
19115,Iowa,Louisa,122,5
19117,Iowa,Lucas,58,3
19119,Iowa,Lyon,144,4
19121,Iowa,Madison,103,2
19123,Iowa,Mahaska,136,3
19125,Iowa,Marion,192,2
19127,Iowa,Marshall,369,4
19129,Iowa,Mills,100,3
19131,Iowa,Mitchell,109,4
19133,Iowa,Monona,57,3
19135,Iowa,Monroe,57,3
19137,Iowa,Montgomery,67,3
19139,Iowa,Muscatine,286,3
19141,Iowa,O'Brien,101,3
19143,Iowa,Osceola,58,4
19145,Iowa,Page,78,3
19147,Iowa,Palo Alto,52,2
19149,Iowa,Plymouth,184,3
19151,Iowa,Pocahontas,64,4
19153,Iowa,Polk,3120,2
19155,Iowa,Pottawattamie,659,3
19157,Iowa,Poweshiek,115,3
19159,Iowa,Ringgold,55,5
19161,Iowa,Sac,75,3
19163,Iowa,Scott,1014,2
19165,Iowa,Shelby,92,3
19167,Iowa,Sioux,352,4
19169,Iowa,Story,372,2
19171,Iowa,Tama,167,4
19173,Iowa,Taylor,59,4
19175,Iowa,Union,86,3
19177,Iowa,Van Buren,84,5
19179,Iowa,Wapello,273,3
19181,Iowa,Warren,249,2
19183,Iowa,Washington,194,3
19185,Iowa,Wayne,67,4
19187,Iowa,Webster,197,2
19189,Iowa,Winnebago,71,3
19191,Iowa,Winneshiek,105,3
19193,Iowa,Woodbury,880,3
19195,Iowa,Worth,48,3
19197,Iowa,Wright,115,4
20000,Kansas,,36327,5
20001,Kansas,Allen,147,5
20003,Kansas,Anderson,105,5
20005,Kansas,Atchison,144,4
20007,Kansas,Barber,102,10
20009,Kansas,Barton,407,6
20011,Kansas,Bourbon,170,4
20013,Kansas,Brown,121,5
20015,Kansas,Butler,810,5
20017,Kansas,Chase,32,6
20019,Kansas,Chautauqua,51,7
20021,Kansas,Cherokee,235,5
20023,Kansas,Cheyenne,59,10
20025,Kansas,Clark,41,8
20027,Kansas,Clay,90,5
20029,Kansas,Cloud,90,5
20031,Kansas,Coffey,80,4
20033,Kansas,Comanche,42,10
20035,Kansas,Cowley,402,5
20037,Kansas,Crawford,403,5
20039,Kansas,Decatur,44,8
20041,Kansas,Dickinson,251,5
20043,Kansas,Doniphan,81,5
20045,Kansas,Douglas,894,4
20047,Kansas,Edwards,62,9
20049,Kansas,Elk,45,8
20051,Kansas,Ellis,247,4
20053,Kansas,Ellsworth,60,5
20055,Kansas,Finney,827,7
20057,Kansas,Ford,755,7
20059,Kansas,Franklin,239,4
20061,Kansas,Geary,354,4
20063,Kansas,Gove,91,14
20065,Kansas,Graham,36,7
20067,Kansas,Grant,175,7
20069,Kansas,Gray,182,10
20071,Kansas,Greeley,31,10
20073,Kansas,Greenwood,72,5
20075,Kansas,Hamilton,94,12
20077,Kansas,Harper,105,8
20079,Kansas,Harvey,394,5
20081,Kansas,Haskell,137,12
20083,Kansas,Hodgeman,35,8
20085,Kansas,Jackson,185,5
20087,Kansas,Jefferson,243,5
20089,Kansas,Jewell,45,8
20091,Kansas,Johnson,6181,4
20093,Kansas,Kearny,109,9
20095,Kansas,Kingman,85,5
20097,Kansas,Kiowa,53,9
20099,Kansas,Labette,300,6
20101,Kansas,Lane,30,8
20103,Kansas,Leavenworth,682,3
20105,Kansas,Lincoln,53,8
20107,Kansas,Linn,131,6
20109,Kansas,Logan,41,6
20111,Kansas,Lyon,369,5
20113,Kansas,McPherson,311,5
20115,Kansas,Marion,159,6
20117,Kansas,Marshall,115,5
20119,Kansas,Meade,95,9
20121,Kansas,Miami,333,4
20123,Kansas,Mitchell,85,6
20125,Kansas,Montgomery,466,6
20127,Kansas,Morris,81,7
20129,Kansas,Morton,50,7
20131,Kansas,Nemaha,142,5
20133,Kansas,Neosho,212,5
20135,Kansas,Ness,62,10
20137,Kansas,Norton,75,7
20139,Kansas,Osage,179,5
20141,Kansas,Osborne,62,9
20143,Kansas,Ottawa,81,6
20145,Kansas,Pawnee,38,4
20147,Kansas,Phillips,87,7
20149,Kansas,Pottawatomie,303,4
20151,Kansas,Pratt,111,5
20153,Kansas,Rawlins,55,10
20155,Kansas,Reno,707,5
20157,Kansas,Republic,61,6
20159,Kansas,Rice,123,6
20161,Kansas,Riley,563,4
20163,Kansas,Rooks,71,6
20165,Kansas,Rush,38,6
20167,Kansas,Russell,86,6
20169,Kansas,Saline,589,5
20171,Kansas,Scott,83,6
20173,Kansas,Sedgwick,7172,5
20175,Kansas,Seward,481,7
20177,Kansas,Shawnee,1746,4
20179,Kansas,Sheridan,84,13
20181,Kansas,Sherman,64,4
20183,Kansas,Smith,60,8
20185,Kansas,Stafford,89,9
20187,Kansas,Stanton,50,9
20189,Kansas,Stevens,147,9
20191,Kansas,Sumner,305,5
20193,Kansas,Thomas,116,6
20195,Kansas,Trego,34,7
20197,Kansas,Wabaunsee,80,5
20199,Kansas,Wallace,29,7
20201,Kansas,Washington,98,8
20203,Kansas,Wichita,67,12
20205,Kansas,Wilson,102,5
20207,Kansas,Woodson,52,8
20209,Kansas,Wyandotte,2879,6
21000,Kentucky,,38710,4
21001,Kentucky,Adair,154,4
21003,Kentucky,Allen,216,4
21005,Kentucky,Anderson,209,4
21007,Kentucky,Ballard,77,4
21009,Kentucky,Barren,602,6
21011,Kentucky,Bath,171,5
21013,Kentucky,Bell,205,4
21015,Kentucky,Boone,1060,3
21017,Kentucky,Bourbon,260,5
21019,Kentucky,Boyd,308,3
21021,Kentucky,Boyle,213,3
21023,Kentucky,Bracken,76,4
21025,Kentucky,Breathitt,81,3
21027,Kentucky,Breckinridge,251,5
21029,Kentucky,Bullitt,620,3
21031,Kentucky,Butler,162,6
21033,Kentucky,Caldwell,110,4
21035,Kentucky,Calloway,313,4
21037,Kentucky,Campbell,513,3
21039,Kentucky,Carlisle,55,5
21041,Kentucky,Carroll,123,4
21043,Kentucky,Carter,265,4
21045,Kentucky,Casey,223,6
21047,Kentucky,Christian,728,4
21049,Kentucky,Clark,272,3
21051,Kentucky,Clay,155,4
21053,Kentucky,Clinton,105,5
21055,Kentucky,Crittenden,91,5
21057,Kentucky,Cumberland,65,4
21059,Kentucky,Daviess,848,3
21061,Kentucky,Edmonson,107,5
21063,Kentucky,Elliott,49,4
21065,Kentucky,Estill,120,4
21067,Kentucky,Fayette,2789,4
21069,Kentucky,Fleming,195,5
21071,Kentucky,Floyd,296,4
21073,Kentucky,Franklin,424,4
21075,Kentucky,Fulton,41,3
21077,Kentucky,Gallatin,106,5
21079,Kentucky,Garrard,175,4
21081,Kentucky,Grant,276,4
21083,Kentucky,Graves,383,4
21085,Kentucky,Grayson,272,4
21087,Kentucky,Green,138,6
21089,Kentucky,Greenup,254,3
21091,Kentucky,Hancock,80,3
21093,Kentucky,Hardin,940,3
21095,Kentucky,Harlan,210,3
21097,Kentucky,Harrison,198,5
21099,Kentucky,Hart,206,4
21101,Kentucky,Henderson,367,3
21103,Kentucky,Henry,188,5
21105,Kentucky,Hickman,40,5
21107,Kentucky,Hopkins,356,3
21109,Kentucky,Jackson,125,4
21111,Kentucky,Jefferson,5657,3
21113,Kentucky,Jessamine,566,4
21115,Kentucky,Johnson,181,4
21117,Kentucky,Kenton,1270,3
21119,Kentucky,Knott,138,4
21121,Kentucky,Knox,231,3
21123,Kentucky,Larue,154,5
21125,Kentucky,Laurel,515,4
21127,Kentucky,Lawrence,144,4
21129,Kentucky,Lee,45,3
21131,Kentucky,Leslie,89,4
21133,Kentucky,Letcher,192,4
21135,Kentucky,Lewis,127,4
21137,Kentucky,Lincoln,325,5
21139,Kentucky,Livingston,82,4
21141,Kentucky,Logan,266,4
21143,Kentucky,Lyon,58,5
21145,Kentucky,McCracken,550,4
21147,Kentucky,McCreary,148,4
21149,Kentucky,McLean,97,4
21151,Kentucky,Madison,663,3
21153,Kentucky,Magoffin,132,5
21155,Kentucky,Marion,189,4
21157,Kentucky,Marshall,280,4
21159,Kentucky,Martin,90,4
21161,Kentucky,Mason,148,4
21163,Kentucky,Meade,250,4
21165,Kentucky,Menifee,49,4
21167,Kentucky,Mercer,238,5
21169,Kentucky,Metcalfe,108,5
21171,Kentucky,Monroe,129,5
21173,Kentucky,Montgomery,233,3
21175,Kentucky,Morgan,111,5
21177,Kentucky,Muhlenberg,254,4
21179,Kentucky,Nelson,370,3
21181,Kentucky,Nicholas,91,5
21183,Kentucky,Ohio,207,3
21185,Kentucky,Oldham,441,2
21187,Kentucky,Owen,119,5
21189,Kentucky,Owsley,30,3
21191,Kentucky,Pendleton,160,5
21193,Kentucky,Perry,203,3
21195,Kentucky,Pike,510,4
21197,Kentucky,Powell,109,4
21199,Kentucky,Pulaski,602,4
21201,Kentucky,Robertson,21,5
21203,Kentucky,Rockcastle,138,4
21205,Kentucky,Rowan,183,4
21207,Kentucky,Russell,204,5
21209,Kentucky,Scott,450,3
21211,Kentucky,Shelby,566,5
21213,Kentucky,Simpson,172,4
21215,Kentucky,Spencer,168,4
21217,Kentucky,Taylor,239,4
21219,Kentucky,Todd,214,6
21221,Kentucky,Trigg,164,5
21223,Kentucky,Trimble,73,4
21225,Kentucky,Union,125,4
21227,Kentucky,Warren,1376,4
21229,Kentucky,Washington,171,6
21231,Kentucky,Wayne,162,4
21233,Kentucky,Webster,180,6
21235,Kentucky,Whitley,325,4
21237,Kentucky,Wolfe,59,4
21239,Kentucky,Woodford,303,5
22000,Louisiana,,37311,3
22001,Louisiana,Acadia,588,4
22003,Louisiana,Allen,197,3
22005,Louisiana,Ascension,880,3
22007,Louisiana,Assumption,169,3
22009,Louisiana,Avoyelles,330,3
22011,Louisiana,Beauregard,350,4
22013,Louisiana,Bienville,87,3
22015,Louisiana,Bossier,999,3
22017,Louisiana,Caddo,1704,3
22019,Louisiana,Calcasieu,1396,3
22021,Louisiana,Caldwell,101,4
22023,Louisiana,Cameron,73,5
22025,Louisiana,Catahoula,79,4
22027,Louisiana,Claiborne,109,4
22029,Louisiana,Concordia,152,3
22031,Louisiana,De Soto,237,3
22033,Louisiana,East Baton Rouge,3607,4
22035,Louisiana,East Carroll,38,2
22037,Louisiana,East Feliciana,138,4
22039,Louisiana,Evangeline,284,3
22041,Louisiana,Franklin,180,3
22043,Louisiana,Grant,158,3
22045,Louisiana,Iberia,682,4
22047,Louisiana,Iberville,219,3
22049,Louisiana,Jackson,124,3
22051,Louisiana,Jefferson,3540,4
22053,Louisiana,Jefferson Davis,301,4
22055,Louisiana,Lafayette,1995,3
22057,Louisiana,Lafourche,916,4
22059,Louisiana,La Salle,144,4
22061,Louisiana,Lincoln,374,4
22063,Louisiana,Livingston,1164,3
22065,Louisiana,Madison,66,2
22067,Louisiana,Morehouse,178,3
22069,Louisiana,Natchitoches,296,3
22071,Louisiana,Orleans,2544,3
22073,Louisiana,Ouachita,1115,3
22075,Louisiana,Plaquemines,274,4
22077,Louisiana,Pointe Coupee,183,4
22079,Louisiana,Rapides,1187,4
22081,Louisiana,Red River,69,3
22083,Louisiana,Richland,178,4
22085,Louisiana,Sabine,254,4
22087,Louisiana,St. Bernard,398,3
22089,Louisiana,St. Charles,375,3
22091,Louisiana,St. Helena,85,4
22093,Louisiana,St. James,129,3
22095,Louisiana,St. John the Baptist,292,3
22097,Louisiana,St. Landry,764,3
22099,Louisiana,St. Martin,447,3
22101,Louisiana,St. Mary,480,4
22103,Louisiana,St. Tammany,2182,3
22105,Louisiana,Tangipahoa,956,3
22107,Louisiana,Tensas,37,4
22109,Louisiana,Terrebonne,1171,4
22111,Louisiana,Union,183,4
22113,Louisiana,Vermilion,643,4
22115,Louisiana,Vernon,354,3
22117,Louisiana,Washington,355,3
22119,Louisiana,Webster,292,3
22121,Louisiana,West Baton Rouge,194,3
22123,Louisiana,West Carroll,120,5
22125,Louisiana,West Feliciana,102,4
22127,Louisiana,Winn,93,3
23000,Maine,,14582,6
23001,Maine,Androscoggin,1096,5
23003,Maine,Aroostook,1025,8
23005,Maine,Cumberland,2697,5
23007,Maine,Franklin,321,6
23009,Maine,Hancock,757,8
23011,Maine,Kennebec,1262,5
23013,Maine,Knox,526,7
23015,Maine,Lincoln,498,8
23017,Maine,Oxford,612,6
23019,Maine,Penobscot,1789,6
23021,Maine,Piscataquis,194,7
23023,Maine,Sagadahoc,403,6
23025,Maine,Somerset,575,6
23027,Maine,Waldo,441,6
23029,Maine,Washington,539,9
23031,Maine,York,1847,5
24000,Maryland,,44282,3
24001,Maryland,Allegany,330,3
24003,Maryland,Anne Arundel,3924,3
24005,Maryland,Baltimore,6016,3
24009,Maryland,Calvert,549,2
24011,Maryland,Caroline,321,4
24013,Maryland,Carroll,871,2
24015,Maryland,Cecil,760,3
24017,Maryland,Charles,1179,3
24019,Maryland,Dorchester,273,4
24021,Maryland,Frederick,1753,3
24023,Maryland,Garrett,227,4
24025,Maryland,Harford,1517,3
24027,Maryland,Howard,2100,3
24029,Maryland,Kent,155,5
24031,Maryland,Montgomery,7961,3
24033,Maryland,Prince George's,8811,4
24035,Maryland,Queen Anne's,335,3
24037,Maryland,St. Mary's,1017,4
24039,Maryland,Somerset,158,4
24041,Maryland,Talbot,362,5
24043,Maryland,Washington,1143,3
24045,Maryland,Wicomico,890,4
24047,Maryland,Worcester,351,4
24510,Maryland,Baltimore City,3279,3
25000,Massachusetts,,16951,1
25001,Massachusetts,Barnstable,437,1
25003,Massachusetts,Berkshire,317,1
25005,Massachusetts,Bristol,1587,1
25007,Massachusetts,Dukes,54,2
25009,Massachusetts,Essex,2214,1
25011,Massachusetts,Franklin,165,1
25013,Massachusetts,Hampden,1365,1
25015,Massachusetts,Hampshire,315,1
25017,Massachusetts,Middlesex,3683,1
25019,Massachusetts,Nantucket,49,2
25021,Massachusetts,Norfolk,1322,1
25023,Massachusetts,Plymouth,1357,1
25025,Massachusetts,Suffolk,1984,1
25027,Massachusetts,Worcester,2102,1
26000,Michigan,,74747,3
26001,Michigan,Alcona,71,5
26003,Michigan,Alger,59,4
26005,Michigan,Allegan,941,3
26007,Michigan,Alpena,183,3
26009,Michigan,Antrim,239,5
26011,Michigan,Arenac,130,5
26013,Michigan,Baraga,66,4
26015,Michigan,Barry,464,3
26017,Michigan,Bay,663,3
26019,Michigan,Benzie,161,5
26021,Michigan,Berrien,1257,4
26023,Michigan,Branch,633,6
26025,Michigan,Calhoun,1164,4
26027,Michigan,Cass,449,4
26029,Michigan,Charlevoix,212,4
26031,Michigan,Cheboygan,200,5
26033,Michigan,Chippewa,317,4
26035,Michigan,Clare,245,4
26037,Michigan,Clinton,528,3
26039,Michigan,Crawford,98,4
26041,Michigan,Delta,227,3
26043,Michigan,Dickinson,177,3
26045,Michigan,Eaton,709,3
26047,Michigan,Emmet,350,5
26049,Michigan,Genesee,2693,3
26051,Michigan,Gladwin,297,6
26053,Michigan,Gogebic,96,4
26055,Michigan,Grand Traverse,747,4
26057,Michigan,Gratiot,271,3
26059,Michigan,Hillsdale,454,4
26061,Michigan,Houghton,268,4
26063,Michigan,Huron,296,5
26065,Michigan,Ingham,1817,3
26067,Michigan,Ionia,508,3
26069,Michigan,Iosco,180,4
26071,Michigan,Iron,83,4
26073,Michigan,Isabella,615,5
26075,Michigan,Jackson,1207,3
26077,Michigan,Kalamazoo,1832,3
26079,Michigan,Kalkaska,163,4
26081,Michigan,Kent,5780,4
26083,Michigan,Keweenaw,13,4
26085,Michigan,Lake,104,5
26087,Michigan,Lapeer,909,5
26089,Michigan,Leelanau,215,6
26091,Michigan,Lenawee,605,3
26093,Michigan,Livingston,1171,3
26095,Michigan,Luce,38,4
26097,Michigan,Mackinac,110,6
26099,Michigan,Macomb,6252,3
26101,Michigan,Manistee,189,4
26103,Michigan,Marquette,376,3
26105,Michigan,Mason,237,4
26107,Michigan,Mecosta,402,5
26109,Michigan,Menominee,167,4
26111,Michigan,Midland,608,3
26113,Michigan,Missaukee,199,6
26115,Michigan,Monroe,942,3
26117,Michigan,Montcalm,487,3
26119,Michigan,Montmorency,60,4
26121,Michigan,Muskegon,1110,3
26123,Michigan,Newaygo,498,4
26125,Michigan,Oakland,9116,3
26127,Michigan,Oceana,379,6
26129,Michigan,Ogemaw,191,5
26131,Michigan,Ontonagon,35,5
26133,Michigan,Osceola,239,5
26135,Michigan,Oscoda,99,6
26137,Michigan,Otsego,195,4
26139,Michigan,Ottawa,2325,3
26141,Michigan,Presque Isle,112,5
26143,Michigan,Roscommon,142,4
26145,Michigan,Saginaw,1281,3
26147,Michigan,St. Clair,1074,3
26149,Michigan,St. Joseph,697,5
26151,Michigan,Sanilac,509,6
26153,Michigan,Schoolcraft,75,5
26155,Michigan,Shiawassee,448,3
26157,Michigan,Tuscola,439,4
26159,Michigan,Van Buren,717,4
26161,Michigan,Washtenaw,2347,3
26163,Michigan,Wayne,12494,3
26165,Michigan,Wexford,291,4
27000,Minnesota,,43894,3
27001,Minnesota,Aitkin,125,5
27003,Minnesota,Anoka,2431,3
27005,Minnesota,Becker,403,5
27007,Minnesota,Beltrami,624,5
27009,Minnesota,Benton,321,3
27011,Minnesota,Big Stone,45,4
27013,Minnesota,Blue Earth,393,3
27015,Minnesota,Brown,152,3
27017,Minnesota,Carlton,252,3
27019,Minnesota,Carver,682,2
27021,Minnesota,Cass,450,7
27023,Minnesota,Chippewa,114,4
27025,Minnesota,Chisago,368,3
27027,Minnesota,Clay,460,3
27029,Minnesota,Clearwater,129,6
27031,Minnesota,Cook,46,5
27033,Minnesota,Cottonwood,123,4
27035,Minnesota,Crow Wing,523,4
27037,Minnesota,Dakota,3058,3
27039,Minnesota,Dodge,165,3
27041,Minnesota,Douglas,241,3
27043,Minnesota,Faribault,127,4
27045,Minnesota,Fillmore,336,6
27047,Minnesota,Freeborn,303,4
27049,Minnesota,Goodhue,363,3
27051,Minnesota,Grant,60,4
27053,Minnesota,Hennepin,9119,3
27055,Minnesota,Houston,143,3
27057,Minnesota,Hubbard,211,5
27059,Minnesota,Isanti,293,3
27061,Minnesota,Itasca,305,3
27063,Minnesota,Jackson,63,3
27065,Minnesota,Kanabec,127,4
27067,Minnesota,Kandiyohi,546,5
27069,Minnesota,Kittson,45,5
27071,Minnesota,Koochiching,116,5
27073,Minnesota,Lac qui Parle,63,5
27075,Minnesota,Lake,63,3
27077,Minnesota,Lake of the Woods,27,4
27079,Minnesota,Le Sueur,240,3
27081,Minnesota,Lincoln,68,5
27083,Minnesota,Lyon,239,4
27085,Minnesota,McLeod,252,3
27087,Minnesota,Mahnomen,101,6
27089,Minnesota,Marshall,106,5
27091,Minnesota,Martin,169,4
27093,Minnesota,Meeker,215,4
27095,Minnesota,Mille Lacs,287,5
27097,Minnesota,Morrison,375,5
27099,Minnesota,Mower,478,5
27101,Minnesota,Murray,85,5
27103,Minnesota,Nicollet,216,3
27105,Minnesota,Nobles,413,7
27107,Minnesota,Norman,66,4
27109,Minnesota,Olmsted,1103,3
27111,Minnesota,Otter Tail,531,4
27113,Minnesota,Pennington,97,3
27115,Minnesota,Pine,234,4
27117,Minnesota,Pipestone,141,6
27119,Minnesota,Polk,271,3
27121,Minnesota,Pope,100,4
27123,Minnesota,Ramsey,4695,4
27125,Minnesota,Red Lake,39,4
27127,Minnesota,Redwood,194,5
27129,Minnesota,Renville,179,5
27131,Minnesota,Rice,543,4
27133,Minnesota,Rock,84,3
27135,Minnesota,Roseau,153,4
27137,Minnesota,St. Louis,1148,3
27139,Minnesota,Scott,1064,2
27141,Minnesota,Sherburne,643,2
27143,Minnesota,Sibley,179,5
27145,Minnesota,Stearns,1291,3
27147,Minnesota,Steele,280,3
27149,Minnesota,Stevens,72,3
27151,Minnesota,Swift,98,4
27153,Minnesota,Todd,426,7
27155,Minnesota,Traverse,40,6
27157,Minnesota,Wabasha,197,4
27159,Minnesota,Wadena,144,4
27161,Minnesota,Waseca,142,3
27163,Minnesota,Washington,1366,2
27165,Minnesota,Watonwan,147,5
27167,Minnesota,Wilkin,41,3
27169,Minnesota,Winona,300,3
27171,Minnesota,Wright,1134,3
27173,Minnesota,Yellow Medicine,93,4
28000,Mississippi,,33741,5
28001,Mississippi,Adams,294,5
28003,Mississippi,Alcorn,444,5
28005,Mississippi,Amite,169,6
28007,Mississippi,Attala,216,5
28009,Mississippi,Benton,87,5
28011,Mississippi,Bolivar,308,4
28013,Mississippi,Calhoun,235,7
28015,Mississippi,Carroll,112,6
28017,Mississippi,Chickasaw,231,5
28019,Mississippi,Choctaw,93,5
28021,Mississippi,Claiborne,81,4
28023,Mississippi,Clarke,194,5
28025,Mississippi,Clay,199,4
28027,Mississippi,Coahoma,213,3
28029,Mississippi,Copiah,298,4
28031,Mississippi,Covington,269,6
28033,Mississippi,DeSoto,2285,5
28035,Mississippi,Forrest,706,4
28037,Mississippi,Franklin,94,5
28039,Mississippi,George,351,5
28041,Mississippi,Greene,165,6
28043,Mississippi,Grenada,241,5
28045,Mississippi,Hancock,547,5
28047,Mississippi,Harrison,2449,5
28049,Mississippi,Hinds,2275,4
28051,Mississippi,Holmes,186,4
28053,Mississippi,Humphreys,80,4
28055,Mississippi,Issaquena,9,7
28057,Mississippi,Itawamba,273,5
28059,Mississippi,Jackson,1442,4
28061,Mississippi,Jasper,203,5
28063,Mississippi,Jefferson,79,5
28065,Mississippi,Jefferson Davis,115,5
28067,Mississippi,Jones,876,5
28069,Mississippi,Kemper,104,6
28071,Mississippi,Lafayette,513,5
28073,Mississippi,Lamar,834,5
28075,Mississippi,Lauderdale,688,4
28077,Mississippi,Lawrence,176,6
28079,Mississippi,Leake,290,6
28081,Mississippi,Lee,1065,5
28083,Mississippi,Leflore,293,4
28085,Mississippi,Lincoln,386,5
28087,Mississippi,Lowndes,654,5
28089,Mississippi,Madison,1222,4
28091,Mississippi,Marion,322,5
28093,Mississippi,Marshall,325,4
28095,Mississippi,Monroe,404,5
28097,Mississippi,Montgomery,102,4
28099,Mississippi,Neshoba,453,5
28101,Mississippi,Newton,304,5
28103,Mississippi,Noxubee,157,6
28105,Mississippi,Oktibbeha,415,5
28107,Mississippi,Panola,387,4
28109,Mississippi,Pearl River,640,5
28111,Mississippi,Perry,162,6
28113,Mississippi,Pike,458,4
28115,Mississippi,Pontotoc,462,5
28117,Mississippi,Prentiss,286,5
28119,Mississippi,Quitman,61,4
28121,Mississippi,Rankin,1565,4
28123,Mississippi,Scott,476,6
28125,Mississippi,Sharkey,57,5
28127,Mississippi,Simpson,313,5
28129,Mississippi,Smith,234,6
28131,Mississippi,Stone,222,5
28133,Mississippi,Sunflower,230,4
28135,Mississippi,Tallahatchie,118,4
28137,Mississippi,Tate,326,5
28139,Mississippi,Tippah,306,6
28141,Mississippi,Tishomingo,242,6
28143,Mississippi,Tunica,88,3
28145,Mississippi,Union,388,5
28147,Mississippi,Walthall,206,6
28149,Mississippi,Warren,470,4
28151,Mississippi,Washington,419,4
28153,Mississippi,Wayne,272,5
28155,Mississippi,Webster,118,5
28157,Mississippi,Wilkinson,96,5
28159,Mississippi,Winston,218,5
28161,Mississippi,Yalobusha,129,5
28163,Mississippi,Yazoo,266,4
29000,Missouri,,81459,6
29001,Missouri,Adair,300,6
29003,Missouri,Andrew,229,5
29005,Missouri,Atchison,77,7
29007,Missouri,Audrain,431,7
29009,Missouri,Barry,806,10
29011,Missouri,Barton,193,7
29013,Missouri,Bates,301,8
29015,Missouri,Benton,327,10
29017,Missouri,Bollinger,208,8
29019,Missouri,Boone,2182,6
29021,Missouri,Buchanan,1120,6
29023,Missouri,Butler,619,6
29025,Missouri,Caldwell,164,7
29027,Missouri,Callaway,610,6
29029,Missouri,Camden,635,8
29031,Missouri,Cape Girardeau,982,6
29033,Missouri,Carroll,140,7
29035,Missouri,Carter,111,8
29037,Missouri,Cass,1580,6
29039,Missouri,Cedar,256,7
29041,Missouri,Chariton,136,8
29043,Missouri,Christian,1199,5
29045,Missouri,Clark,147,9
29047,Missouri,Clay,2981,5
29049,Missouri,Clinton,303,6
29051,Missouri,Cole,1036,6
29053,Missouri,Cooper,284,7
29055,Missouri,Crawford,377,7
29057,Missouri,Dade,135,9
29059,Missouri,Dallas,376,9
29061,Missouri,Daviess,232,11
29063,Missouri,DeKalb,154,7
29065,Missouri,Dent,299,9
29067,Missouri,Douglas,224,8
29069,Missouri,Dunklin,508,7
29071,Missouri,Franklin,1400,6
29073,Missouri,Gasconade,223,7
29075,Missouri,Gentry,149,9
29077,Missouri,Greene,3747,6
29079,Missouri,Grundy,192,8
29081,Missouri,Harrison,158,8
29083,Missouri,Henry,315,6
29085,Missouri,Hickory,170,10
29087,Missouri,Holt,75,8
29089,Missouri,Howard,171,8
29091,Missouri,Howell,658,7
29093,Missouri,Iron,123,6
29095,Missouri,Jackson,10420,6
29097,Missouri,Jasper,1995,7
29099,Missouri,Jefferson,2786,5
29101,Missouri,Johnson,638,5
29103,Missouri,Knox,100,11
29105,Missouri,Laclede,640,7
29107,Missouri,Lafayette,469,6
29109,Missouri,Lawrence,818,8
29111,Missouri,Lewis,149,7
29113,Missouri,Lincoln,931,6
29115,Missouri,Linn,231,8
29117,Missouri,Livingston,243,8
29119,Missouri,McDonald,581,10
29121,Missouri,Macon,284,8
29123,Missouri,Madison,183,6
29125,Missouri,Maries,154,8
29127,Missouri,Marion,340,5
29129,Missouri,Mercer,101,11
29131,Missouri,Miller,407,7
29133,Missouri,Mississippi,177,6
29135,Missouri,Moniteau,374,9
29137,Missouri,Monroe,147,8
29139,Missouri,Montgomery,188,7
29141,Missouri,Morgan,501,11
29143,Missouri,New Madrid,246,6
29145,Missouri,Newton,1278,9
29147,Missouri,Nodaway,238,7
29149,Missouri,Oregon,177,7
29151,Missouri,Osage,224,7
29153,Missouri,Ozark,138,8
29155,Missouri,Pemiscot,230,6
29157,Missouri,Perry,267,6
29159,Missouri,Pettis,844,8
29161,Missouri,Phelps,692,7
29163,Missouri,Pike,255,6
29165,Missouri,Platte,1337,5
29167,Missouri,Polk,514,7
29169,Missouri,Pulaski,630,5
29171,Missouri,Putnam,103,10
29173,Missouri,Ralls,156,7
29175,Missouri,Randolph,307,6
29177,Missouri,Ray,364,7
29179,Missouri,Reynolds,83,7
29181,Missouri,Ripley,220,7
29183,Missouri,St. Charles,3584,4
29185,Missouri,St. Clair,172,9
29186,Missouri,Ste. Genevieve,245,6
29187,Missouri,St. Francois,786,5
29189,Missouri,St. Louis,9055,4
29195,Missouri,Saline,325,6
29197,Missouri,Schuyler,109,9
29199,Missouri,Scotland,250,17
29201,Missouri,Scott,536,6
29203,Missouri,Shannon,128,7
29205,Missouri,Shelby,126,9
29207,Missouri,Stoddard,434,7
29209,Missouri,Stone,433,8
29211,Missouri,Sullivan,122,9
29213,Missouri,Taney,924,8
29215,Missouri,Texas,448,8
29217,Missouri,Vernon,342,7
29219,Missouri,Warren,491,6
29221,Missouri,Washington,332,6
29223,Missouri,Wayne,187,7
29225,Missouri,Webster,866,8
29227,Missouri,Worth,35,8
29229,Missouri,Wright,488,10
29510,Missouri,St. Louis City,2838,5
30000,Montana,,14548,6
30001,Montana,Beaverhead,131,8
30003,Montana,Big Horn,341,8
30005,Montana,Blaine,191,9
30007,Montana,Broadwater,96,8
30009,Montana,Carbon,183,9
30011,Montana,Carter,33,13
30013,Montana,Cascade,1004,5
30015,Montana,Chouteau,152,11
30017,Montana,Custer,154,6
30019,Montana,Daniels,34,9
30021,Montana,Dawson,105,5
30023,Montana,Deer Lodge,78,6
30025,Montana,Fallon,66,8
30027,Montana,Fergus,241,10
30029,Montana,Flathead,1228,5
30031,Montana,Gallatin,1194,5
30033,Montana,Garfield,58,21
30035,Montana,Glacier,342,8
30037,Montana,Golden Valley,19,11
30039,Montana,Granite,58,11
30041,Montana,Hill,317,7
30043,Montana,Jefferson,157,6
30045,Montana,Judith Basin,31,8
30047,Montana,Lake,618,9
30049,Montana,Lewis and Clark,777,5
30051,Montana,Liberty,59,11
30053,Montana,Lincoln,269,7
30055,Montana,McCone,56,16
30057,Montana,Madison,132,9
30059,Montana,Meagher,29,8
30061,Montana,Mineral,54,7
30063,Montana,Missoula,1048,5
30065,Montana,Musselshell,66,8
30067,Montana,Park,206,7
30069,Montana,Petroleum,10,11
30071,Montana,Phillips,97,10
30073,Montana,Pondera,103,7
30075,Montana,Powder River,32,11
30077,Montana,Powell,75,7
30079,Montana,Prairie,18,9
30081,Montana,Ravalli,756,9
30083,Montana,Richland,235,8
30085,Montana,Roosevelt,433,12
30087,Montana,Rosebud,235,9
30089,Montana,Sanders,228,11
30091,Montana,Sheridan,69,10
30093,Montana,Silver Bow,376,5
30095,Montana,Stillwater,136,6
30097,Montana,Sweet Grass,68,9
30099,Montana,Teton,167,11
30101,Montana,Toole,83,8
30103,Montana,Treasure,12,9
30105,Montana,Valley,109,6
30107,Montana,Wheatland,73,12
30109,Montana,Wibaux,34,15
30111,Montana,Yellowstone,1672,4
31000,Nebraska,,24810,5
31001,Nebraska,Adams,392,5
31003,Nebraska,Antelope,114,7
31005,Nebraska,Arthur,18,15
31007,Nebraska,Banner,16,9
31009,Nebraska,Blaine,14,14
31011,Nebraska,Boone,85,7
31013,Nebraska,Box Butte,136,5
31015,Nebraska,Boyd,39,10
31017,Nebraska,Brown,60,9
31019,Nebraska,Buffalo,563,5
31021,Nebraska,Burt,111,7
31023,Nebraska,Butler,93,5
31025,Nebraska,Cass,273,4
31027,Nebraska,Cedar,151,7
31029,Nebraska,Chase,105,10
31031,Nebraska,Cherry,123,9
31033,Nebraska,Cheyenne,83,4
31035,Nebraska,Clay,98,6
31037,Nebraska,Colfax,289,9
31039,Nebraska,Cuming,166,7
31041,Nebraska,Custer,187,7
31043,Nebraska,Dakota,410,7
31045,Nebraska,Dawes,86,5
31047,Nebraska,Dawson,477,7
31049,Nebraska,Deuel,33,8
31051,Nebraska,Dixon,102,7
31053,Nebraska,Dodge,460,5
31055,Nebraska,Douglas,7784,5
31057,Nebraska,Dundy,49,14
31059,Nebraska,Fillmore,48,5
31061,Nebraska,Franklin,39,6
31063,Nebraska,Frontier,40,8
31065,Nebraska,Furnas,73,7
31067,Nebraska,Gage,252,5
31069,Nebraska,Garden,36,10
31071,Nebraska,Garfield,35,9
31073,Nebraska,Gosper,23,5
31075,Nebraska,Grant,12,7
31077,Nebraska,Greeley,61,11
31079,Nebraska,Hall,980,6
31081,Nebraska,Hamilton,106,5
31083,Nebraska,Harlan,53,7
31085,Nebraska,Hayes,42,20
31087,Nebraska,Hitchcock,48,7
31089,Nebraska,Holt,187,7
31091,Nebraska,Hooker,12,8
31093,Nebraska,Howard,111,7
31095,Nebraska,Jefferson,76,5
31097,Nebraska,Johnson,61,6
31099,Nebraska,Kearney,69,4
31101,Nebraska,Keith,88,5
31103,Nebraska,Keya Paha,23,14
31105,Nebraska,Kimball,55,7
31107,Nebraska,Knox,161,8
31109,Nebraska,Lancaster,2922,4
31111,Nebraska,Lincoln,358,4
31113,Nebraska,Logan,16,8
31115,Nebraska,Loup,16,13
31117,Nebraska,McPherson,9,9
31119,Nebraska,Madison,491,5
31121,Nebraska,Merrick,95,5
31123,Nebraska,Morrill,92,8
31125,Nebraska,Nance,46,6
31127,Nebraska,Nemaha,56,4
31129,Nebraska,Nuckolls,60,7
31131,Nebraska,Otoe,204,5
31133,Nebraska,Pawnee,45,8
31135,Nebraska,Perkins,68,9
31137,Nebraska,Phelps,106,5
31139,Nebraska,Pierce,104,6
31141,Nebraska,Platte,625,7
31143,Nebraska,Polk,81,6
31145,Nebraska,Red Willow,108,4
31147,Nebraska,Richardson,81,5
31149,Nebraska,Rock,23,8
31151,Nebraska,Saline,278,8
31153,Nebraska,Sarpy,1708,3
31155,Nebraska,Saunders,217,4
31157,Nebraska,Scotts Bluff,502,5
31159,Nebraska,Seward,169,4
31161,Nebraska,Sheridan,125,11
31163,Nebraska,Sherman,59,9
31165,Nebraska,Sioux,25,11
31167,Nebraska,Stanton,66,4
31169,Nebraska,Thayer,70,6
31171,Nebraska,Thomas,19,11
31173,Nebraska,Thurston,188,7
31175,Nebraska,Valley,79,8
31177,Nebraska,Washington,197,4
31179,Nebraska,Wayne,81,4
31181,Nebraska,Webster,49,6
31183,Nebraska,Wheeler,21,13
31185,Nebraska,York,143,4
32000,Nevada,,57246,8
32001,Nevada,Churchill,640,11
32003,Nevada,Clark,39329,7
32005,Nevada,Douglas,805,10
32007,Nevada,Elko,1354,9
32009,Nevada,Esmeralda,14,11
32011,Nevada,Eureka,41,8
32013,Nevada,Humboldt,604,13
32015,Nevada,Lander,142,9
32017,Nevada,Lincoln,114,10
32019,Nevada,Lyon,1073,9
32021,Nevada,Mineral,74,8
32023,Nevada,Nye,792,10
32027,Nevada,Pershing,133,12
32029,Nevada,Storey,43,8
32031,Nevada,Washoe,10781,10
32033,Nevada,White Pine,173,9
32510,Nevada,Carson City,1134,10
33000,New Hampshire,,6281,2
33001,New Hampshire,Belknap,346,3
33003,New Hampshire,Carroll,263,3
33005,New Hampshire,Cheshire,336,2
33007,New Hampshire,Coos,150,3
33009,New Hampshire,Grafton,419,3
33011,New Hampshire,Hillsborough,2174,2
33013,New Hampshire,Merrimack,698,2
33015,New Hampshire,Rockingham,1153,2
33017,New Hampshire,Strafford,535,2
33019,New Hampshire,Sullivan,207,2
34000,New Jersey,,76784,4
34001,New Jersey,Atlantic,2587,4
34003,New Jersey,Bergen,8015,4
34005,New Jersey,Burlington,2691,3
34007,New Jersey,Camden,4129,3
34009,New Jersey,Cape May,666,4
34011,New Jersey,Cumberland,1593,4
34013,New Jersey,Essex,9830,5
34015,New Jersey,Gloucester,1637,2
34017,New Jersey,Hudson,6873,5
34019,New Jersey,Hunterdon,668,3
34021,New Jersey,Mercer,3273,4
34023,New Jersey,Middlesex,5863,3
34025,New Jersey,Monmouth,4763,3
34027,New Jersey,Morris,3205,3
34029,New Jersey,Ocean,4779,3
34031,New Jersey,Passaic,6206,5
34033,New Jersey,Salem,462,3
34035,New Jersey,Somerset,1844,2
34037,New Jersey,Sussex,846,3
34039,New Jersey,Union,6113,5
34041,New Jersey,Warren,741,3
35000,New Mexico,,27180,5
35001,New Mexico,Bernalillo,6693,4
35003,New Mexico,Catron,32,7
35005,New Mexico,Chaves,1094,6
35006,New Mexico,Cibola,356,5
35007,New Mexico,Colfax,132,6
35009,New Mexico,Curry,713,5
35011,New Mexico,De Baca,30,7
35013,New Mexico,Dona Ana,3350,6
35015,New Mexico,Eddy,779,5
35017,New Mexico,Grant,261,5
35019,New Mexico,Guadalupe,36,4
35021,New Mexico,Harding,5,6
35023,New Mexico,Hidalgo,60,6
35025,New Mexico,Lea,1409,7
35027,New Mexico,Lincoln,261,7
35028,New Mexico,Los Alamos,91,2
35029,New Mexico,Luna,341,5
35031,New Mexico,McKinley,1322,6
35033,New Mexico,Mora,43,5
35035,New Mexico,Otero,864,5
35037,New Mexico,Quay,87,5
35039,New Mexico,Rio Arriba,525,6
35041,New Mexico,Roosevelt,270,6
35043,New Mexico,Sandoval,1798,5
35045,New Mexico,San Juan,2172,6
35047,New Mexico,San Miguel,242,5
35049,New Mexico,Santa Fe,2094,7
35051,New Mexico,Sierra,101,6
35053,New Mexico,Socorro,249,6
35055,New Mexico,Taos,427,7
35057,New Mexico,Torrance,217,6
35059,New Mexico,Union,64,8
35061,New Mexico,Valencia,1062,6
36000,New York,,103277,2
36001,New York,Albany,1196,2
36003,New York,Allegany,300,3
36005,New York,Bronx,7673,2
36007,New York,Broome,870,2
36009,New York,Cattaraugus,579,3
36011,New York,Cayuga,408,3
36013,New York,Chautauqua,794,3
36015,New York,Chemung,353,2
36017,New York,Chenango,248,2
36019,New York,Clinton,381,3
36021,New York,Columbia,311,3
36023,New York,Cortland,222,2
36025,New York,Delaware,244,3
36027,New York,Dutchess,1354,2
36029,New York,Erie,3837,2
36031,New York,Essex,148,2
36033,New York,Franklin,320,3
36035,New York,Fulton,241,2
36037,New York,Genesee,285,2
36039,New York,Greene,233,3
36041,New York,Hamilton,21,3
36043,New York,Herkimer,333,3
36045,New York,Jefferson,646,2
36047,New York,Kings,14634,2
36049,New York,Lewis,188,3
36051,New York,Livingston,286,2
36053,New York,Madison,414,3
36055,New York,Monroe,3419,2
36057,New York,Montgomery,310,3
36059,New York,Nassau,6351,2
36061,New York,New York,7060,3
36063,New York,Niagara,900,2
36065,New York,Oneida,1183,2
36067,New York,Onondaga,2117,2
36069,New York,Ontario,543,2
36071,New York,Orange,2554,3
36073,New York,Orleans,218,3
36075,New York,Oswego,578,2
36077,New York,Otsego,284,3
36079,New York,Putnam,463,2
36081,New York,Queens,14793,3
36083,New York,Rensselaer,662,2
36085,New York,Richmond,2697,2
36087,New York,Rockland,2519,3
36089,New York,St. Lawrence,653,3
36091,New York,Saratoga,1051,2
36093,New York,Schenectady,779,2
36095,New York,Schoharie,156,3
36097,New York,Schuyler,101,3
36099,New York,Seneca,264,4
36101,New York,Steuben,530,2
36103,New York,Suffolk,7050,2
36105,New York,Sullivan,508,3
36107,New York,Tioga,245,2
36109,New York,Tompkins,440,3
36111,New York,Ulster,898,3
36113,New York,Warren,293,2
36115,New York,Washington,337,3
36117,New York,Wayne,485,2
36119,New York,Westchester,5804,3
36121,New York,Wyoming,166,2
36123,New York,Yates,347,6
37000,North Carolina,,127645,5
37001,North Carolina,Alamance,2281,6
37003,North Carolina,Alexander,469,6
37005,North Carolina,Alleghany,169,9
37007,North Carolina,Anson,234,5
37009,North Carolina,Ashe,320,6
37011,North Carolina,Avery,208,8
37013,North Carolina,Beaufort,571,6
37015,North Carolina,Bertie,160,5
37017,North Carolina,Bladen,478,7
37019,North Carolina,Brunswick,1426,7
37021,North Carolina,Buncombe,2551,5
37023,North Carolina,Burke,881,5
37025,North Carolina,Cabarrus,2421,4
37027,North Carolina,Caldwell,796,5
37029,North Carolina,Camden,157,6
37031,North Carolina,Carteret,780,6
37033,North Carolina,Caswell,276,6
37035,North Carolina,Catawba,2434,7
37037,North Carolina,Chatham,1054,7
37039,North Carolina,Cherokee,327,7
37041,North Carolina,Chowan,167,6
37043,North Carolina,Clay,157,8
37045,North Carolina,Cleveland,1138,5
37047,North Carolina,Columbus,671,6
37049,North Carolina,Craven,1325,6
37051,North Carolina,Cumberland,2905,3
37053,North Carolina,Currituck,452,7
37055,North Carolina,Dare,494,7
37057,North Carolina,Davidson,2330,6
37059,North Carolina,Davie,628,7
37061,North Carolina,Duplin,1207,9
37063,North Carolina,Durham,3477,5
37065,North Carolina,Edgecombe,494,4
37067,North Carolina,Forsyth,3882,4
37069,North Carolina,Franklin,872,6
37071,North Carolina,Gaston,2579,5
37073,North Carolina,Gates,129,5
37075,North Carolina,Graham,139,8
37077,North Carolina,Granville,707,6
37079,North Carolina,Greene,364,8
37081,North Carolina,Guilford,5829,5
37083,North Carolina,Halifax,571,5
37085,North Carolina,Harnett,1807,5
37087,North Carolina,Haywood,626,5
37089,North Carolina,Henderson,1446,6
37091,North Carolina,Hertford,205,5
37093,North Carolina,Hoke,761,5
37095,North Carolina,Hyde,65,7
37097,North Carolina,Iredell,2580,6
37099,North Carolina,Jackson,490,7
37101,North Carolina,Johnston,3244,6
37103,North Carolina,Jones,125,7
37105,North Carolina,Lee,1008,7
37107,North Carolina,Lenoir,646,5
37109,North Carolina,Lincoln,981,5
37111,North Carolina,McDowell,466,5
37113,North Carolina,Macon,540,8
37115,North Carolina,Madison,231,6
37117,North Carolina,Martin,253,5
37119,North Carolina,Mecklenburg,14712,6
37121,North Carolina,Mitchell,183,6
37123,North Carolina,Montgomery,393,6
37125,North Carolina,Moore,1323,6
37127,North Carolina,Nash,1091,5
37129,North Carolina,New Hanover,2305,5
37131,North Carolina,Northampton,177,5
37133,North Carolina,Onslow,1727,4
37135,North Carolina,Orange,1595,5
37137,North Carolina,Pamlico,132,7
37139,North Carolina,Pasquotank,444,5
37141,North Carolina,Pender,770,5
37143,North Carolina,Perquimans,180,7
37145,North Carolina,Person,440,5
37147,North Carolina,Pitt,1760,4
37149,North Carolina,Polk,223,6
37151,North Carolina,Randolph,1813,5
37153,North Carolina,Richmond,483,5
37155,North Carolina,Robeson,2118,6
37157,North Carolina,Rockingham,915,5
37159,North Carolina,Rowan,1675,5
37161,North Carolina,Rutherford,766,5
37163,North Carolina,Sampson,1068,7
37165,North Carolina,Scotland,377,5
37167,North Carolina,Stanly,745,5
37169,North Carolina,Stokes,472,5
37171,North Carolina,Surry,987,6
37173,North Carolina,Swain,264,8
37175,North Carolina,Transylvania,337,6
37177,North Carolina,Tyrrell,55,7
37179,North Carolina,Union,4009,6
37181,North Carolina,Vance,510,5
37183,North Carolina,Wake,14794,5
37185,North Carolina,Warren,264,7
37187,North Carolina,Washington,126,5
37189,North Carolina,Watauga,394,5
37191,North Carolina,Wayne,1447,5
37193,North Carolina,Wilkes,810,6
37195,North Carolina,Wilson,1028,5
37197,North Carolina,Yadkin,523,6
37199,North Carolina,Yancey,226,7
38000,North Dakota,,11591,6
38001,North Dakota,Adams,44,10
38003,North Dakota,Barnes,161,7
38005,North Dakota,Benson,198,8
38007,North Dakota,Billings,19,10
38009,North Dakota,Bottineau,112,8
38011,North Dakota,Bowman,80,10
38013,North Dakota,Burke,44,8
38015,North Dakota,Burleigh,1096,5
38017,North Dakota,Cass,1861,4
38019,North Dakota,Cavalier,65,7
38021,North Dakota,Dickey,109,9
38023,North Dakota,Divide,55,10
38025,North Dakota,Dunn,161,15
38027,North Dakota,Eddy,53,10
38029,North Dakota,Emmons,97,14
38031,North Dakota,Foster,57,8
38033,North Dakota,Golden Valley,38,11
38035,North Dakota,Grand Forks,796,5
38037,North Dakota,Grant,89,18
38039,North Dakota,Griggs,30,6
38041,North Dakota,Hettinger,72,12
38043,North Dakota,Kidder,64,12
38045,North Dakota,LaMoure,114,13
38047,North Dakota,Logan,96,21
38049,North Dakota,McHenry,121,8
38051,North Dakota,McIntosh,74,15
38053,North Dakota,McKenzie,411,9
38055,North Dakota,McLean,184,9
38057,North Dakota,Mercer,115,6
38059,North Dakota,Morton,399,5
38061,North Dakota,Mountrail,371,13
38063,North Dakota,Nelson,57,10
38065,North Dakota,Oliver,37,7
38067,North Dakota,Pembina,137,9
38069,North Dakota,Pierce,67,7
38071,North Dakota,Ramsey,177,6
38073,North Dakota,Ransom,88,7
38075,North Dakota,Renville,36,6
38077,North Dakota,Richland,222,6
38079,North Dakota,Rolette,525,11
38081,North Dakota,Sargent,61,7
38083,North Dakota,Sheridan,31,12
38085,North Dakota,Sioux,141,9
38087,North Dakota,Slope,22,14
38089,North Dakota,Stark,478,6
38091,North Dakota,Steele,21,5
38093,North Dakota,Stutsman,261,6
38095,North Dakota,Towner,42,9
38097,North Dakota,Traill,139,7
38099,North Dakota,Walsh,239,10
38101,North Dakota,Ward,885,5
38103,North Dakota,Wells,55,7
38105,North Dakota,Williams,684,7
39000,Ohio,,128056,5
39001,Ohio,Adams,398,6
39003,Ohio,Allen,1244,5
39005,Ohio,Ashland,807,6
39007,Ohio,Ashtabula,1493,7
39009,Ohio,Athens,525,5
39011,Ohio,Auglaize,460,4
39013,Ohio,Belmont,593,5
39015,Ohio,Brown,533,5
39017,Ohio,Butler,3297,4
39019,Ohio,Carroll,385,7
39021,Ohio,Champaign,445,5
39023,Ohio,Clark,1576,5
39025,Ohio,Clermont,2247,5
39027,Ohio,Clinton,497,5
39029,Ohio,Columbiana,1173,5
39031,Ohio,Coshocton,652,7
39033,Ohio,Crawford,447,5
39035,Ohio,Cuyahoga,10828,4
39037,Ohio,Darke,735,6
39039,Ohio,Defiance,436,5
39041,Ohio,Delaware,1851,3
39043,Ohio,Erie,661,4
39045,Ohio,Fairfield,1590,4
39047,Ohio,Fayette,332,5
39049,Ohio,Franklin,14326,5
39051,Ohio,Fulton,485,5
39053,Ohio,Gallia,448,6
39055,Ohio,Geauga,2130,9
39057,Ohio,Greene,1464,4
39059,Ohio,Guernsey,514,6
39061,Ohio,Hamilton,7479,4
39063,Ohio,Hancock,835,5
39065,Ohio,Hardin,435,6
39067,Ohio,Harrison,198,6
39069,Ohio,Henry,288,4
39071,Ohio,Highland,691,7
39073,Ohio,Hocking,313,5
39075,Ohio,Holmes,3249,23
39077,Ohio,Huron,833,6
39079,Ohio,Jackson,426,5
39081,Ohio,Jefferson,569,4
39083,Ohio,Knox,1046,7
39085,Ohio,Lake,2281,5
39087,Ohio,Lawrence,666,5
39089,Ohio,Licking,1874,4
39091,Ohio,Logan,503,5
39093,Ohio,Lorain,3146,4
39095,Ohio,Lucas,4675,5
39097,Ohio,Madison,461,5
39099,Ohio,Mahoning,2113,4
39101,Ohio,Marion,667,5
39103,Ohio,Medina,1489,4
39105,Ohio,Meigs,276,5
39107,Ohio,Mercer,471,4
39109,Ohio,Miami,1242,5
39111,Ohio,Monroe,206,7
39113,Ohio,Montgomery,6669,6
39115,Ohio,Morgan,180,6
39117,Ohio,Morrow,566,7
39119,Ohio,Muskingum,935,5
39121,Ohio,Noble,184,7
39123,Ohio,Ottawa,394,5
39125,Ohio,Paulding,248,5
39127,Ohio,Perry,401,5
39129,Ohio,Pickaway,608,5
39131,Ohio,Pike,339,5
39133,Ohio,Portage,1567,5
39135,Ohio,Preble,526,6
39137,Ohio,Putnam,398,4
39139,Ohio,Richland,1743,7
39141,Ohio,Ross,843,5
39143,Ohio,Sandusky,577,4
39145,Ohio,Scioto,783,5
39147,Ohio,Seneca,565,5
39149,Ohio,Shelby,517,4
39151,Ohio,Stark,3881,5
39153,Ohio,Summit,4518,4
39155,Ohio,Trumbull,2264,5
39157,Ohio,Tuscarawas,1336,6
39159,Ohio,Union,565,4
39161,Ohio,Van Wert,303,5
39163,Ohio,Vinton,185,6
39165,Ohio,Warren,2150,4
39167,Ohio,Washington,595,5
39169,Ohio,Wayne,3277,11
39171,Ohio,Williams,478,6
39173,Ohio,Wood,1193,4
39175,Ohio,Wyandot,264,5
40000,Oklahoma,,82271,8
40001,Oklahoma,Adair,556,9
40003,Oklahoma,Alfalfa,174,15
40005,Oklahoma,Atoka,418,13
40007,Oklahoma,Beaver,230,16
40009,Oklahoma,Beckham,505,9
40011,Oklahoma,Blaine,234,9
40013,Oklahoma,Bryan,1028,9
40015,Oklahoma,Caddo,693,9
40017,Oklahoma,Canadian,2776,7
40019,Oklahoma,Carter,1246,10
40021,Oklahoma,Cherokee,1087,10
40023,Oklahoma,Choctaw,319,9
40025,Oklahoma,Cimarron,89,16
40027,Oklahoma,Cleveland,4134,6
40029,Oklahoma,Coal,158,12
40031,Oklahoma,Comanche,2099,7
40033,Oklahoma,Cotton,128,10
40035,Oklahoma,Craig,364,11
40037,Oklahoma,Creek,1609,9
40039,Oklahoma,Custer,707,9
40041,Oklahoma,Delaware,1001,11
40043,Oklahoma,Dewey,175,13
40045,Oklahoma,Ellis,133,14
40047,Oklahoma,Garfield,1583,10
40049,Oklahoma,Garvin,776,11
40051,Oklahoma,Grady,1117,8
40053,Oklahoma,Grant,111,10
40055,Oklahoma,Greer,79,7
40057,Oklahoma,Harmon,94,14
40059,Oklahoma,Harper,189,18
40061,Oklahoma,Haskell,300,10
40063,Oklahoma,Hughes,280,9
40065,Oklahoma,Jackson,496,8
40067,Oklahoma,Jefferson,153,10
40069,Oklahoma,Johnston,276,10
40071,Oklahoma,Kay,943,8
40073,Oklahoma,Kingfisher,489,11
40075,Oklahoma,Kiowa,188,9
40077,Oklahoma,Latimer,202,9
40079,Oklahoma,Le Flore,1146,9
40081,Oklahoma,Lincoln,794,9
40083,Oklahoma,Logan,929,8
40085,Oklahoma,Love,287,11
40087,Oklahoma,McClain,976,9
40089,Oklahoma,McCurtain,879,10
40091,Oklahoma,McIntosh,469,11
40093,Oklahoma,Major,229,11
40095,Oklahoma,Marshall,456,11
40097,Oklahoma,Mayes,963,10
40099,Oklahoma,Murray,299,9
40101,Oklahoma,Muskogee,1524,9
40103,Oklahoma,Noble,220,8
40105,Oklahoma,Nowata,222,9
40107,Oklahoma,Okfuskee,237,8
40109,Oklahoma,Oklahoma,15801,8
40111,Oklahoma,Okmulgee,722,8
40113,Oklahoma,Osage,1022,10
40115,Oklahoma,Ottawa,780,10
40117,Oklahoma,Pawnee,364,9
40119,Oklahoma,Payne,1450,9
40121,Oklahoma,Pittsburg,857,9
40123,Oklahoma,Pontotoc,879,9
40125,Oklahoma,Pottawatomie,1316,7
40127,Oklahoma,Pushmataha,260,10
40129,Oklahoma,Roger Mills,133,14
40131,Oklahoma,Rogers,1820,8
40133,Oklahoma,Seminole,615,10
40135,Oklahoma,Sequoyah,1000,10
40137,Oklahoma,Stephens,892,9
40139,Oklahoma,Texas,702,12
40141,Oklahoma,Tillman,161,9
40143,Oklahoma,Tulsa,12865,8
40145,Oklahoma,Wagoner,1733,8
40147,Oklahoma,Washington,1198,9
40149,Oklahoma,Washita,309,11
40151,Oklahoma,Woods,154,8
40153,Oklahoma,Woodward,469,9
41000,Oregon,,30334,3
41001,Oregon,Baker,117,4
41003,Oregon,Benton,439,3
41005,Oregon,Clackamas,2640,3
41007,Oregon,Clatsop,270,3
41009,Oregon,Columbia,327,3
41011,Oregon,Coos,414,3
41013,Oregon,Crook,207,4
41015,Oregon,Curry,131,4
41017,Oregon,Deschutes,1277,3
41019,Oregon,Douglas,654,3
41021,Oregon,Gilliam,14,4
41023,Oregon,Grant,54,4
41025,Oregon,Harney,53,4
41027,Oregon,Hood River,329,6
41029,Oregon,Jackson,1534,3
41031,Oregon,Jefferson,249,4
41033,Oregon,Josephine,556,3
41035,Oregon,Klamath,589,4
41037,Oregon,Lake,62,4
41039,Oregon,Lane,2400,3
41041,Oregon,Lincoln,354,4
41043,Oregon,Linn,991,3
41045,Oregon,Malheur,323,4
41047,Oregon,Marion,3276,4
41049,Oregon,Morrow,158,5
41051,Oregon,Multnomah,5098,3
41053,Oregon,Polk,784,4
41055,Oregon,Sherman,12,4
41057,Oregon,Tillamook,214,4
41059,Oregon,Umatilla,755,4
41061,Oregon,Union,234,4
41063,Oregon,Wallowa,63,5
41065,Oregon,Wasco,258,4
41067,Oregon,Washington,4576,3
41069,Oregon,Wheeler,14,7
41071,Oregon,Yamhill,908,4
42000,Pennsylvania,,120358,4
42001,Pennsylvania,Adams,1032,5
42003,Pennsylvania,Allegheny,6695,3
42005,Pennsylvania,Armstrong,550,4
42007,Pennsylvania,Beaver,1087,3
42009,Pennsylvania,Bedford,459,5
42011,Pennsylvania,Berks,4302,4
42013,Pennsylvania,Blair,999,4
42015,Pennsylvania,Bradford,628,5
42017,Pennsylvania,Bucks,4063,3
42019,Pennsylvania,Butler,1005,3
42021,Pennsylvania,Cambria,796,3
42023,Pennsylvania,Cameron,32,4
42025,Pennsylvania,Carbon,527,4
42027,Pennsylvania,Centre,1402,5
42029,Pennsylvania,Chester,5484,4
42031,Pennsylvania,Clarion,473,6
42033,Pennsylvania,Clearfield,615,4
42035,Pennsylvania,Clinton,417,5
42037,Pennsylvania,Columbia,483,4
42039,Pennsylvania,Crawford,1204,7
42041,Pennsylvania,Cumberland,2463,5
42043,Pennsylvania,Dauphin,2978,5
42045,Pennsylvania,Delaware,4004,3
42047,Pennsylvania,Elk,218,4
42049,Pennsylvania,Erie,2200,4
42051,Pennsylvania,Fayette,914,4
42053,Pennsylvania,Forest,32,5
42055,Pennsylvania,Franklin,2230,6
42057,Pennsylvania,Fulton,163,5
42059,Pennsylvania,Greene,328,4
42061,Pennsylvania,Huntingdon,326,4
42063,Pennsylvania,Indiana,1029,7
42065,Pennsylvania,Jefferson,505,5
42067,Pennsylvania,Juniata,326,6
42069,Pennsylvania,Lackawanna,1661,4
42071,Pennsylvania,Lancaster,17587,13
42073,Pennsylvania,Lawrence,718,4
42075,Pennsylvania,Lebanon,1757,5
42077,Pennsylvania,Lehigh,3759,4
42079,Pennsylvania,Luzerne,2617,4
42081,Pennsylvania,Lycoming,992,4
42083,Pennsylvania,McKean,299,4
42085,Pennsylvania,Mercer,953,4
42087,Pennsylvania,Mifflin,683,6
42089,Pennsylvania,Monroe,1732,5
42091,Pennsylvania,Montgomery,5901,3
42093,Pennsylvania,Montour,146,4
42095,Pennsylvania,Northampton,2276,4
42097,Pennsylvania,Northumberland,901,5
42099,Pennsylvania,Perry,792,8
42101,Pennsylvania,Philadelphia,13533,4
42103,Pennsylvania,Pike,519,5
42105,Pennsylvania,Potter,180,5
42107,Pennsylvania,Schuylkill,1277,4
42109,Pennsylvania,Snyder,682,8
42111,Pennsylvania,Somerset,831,6
42113,Pennsylvania,Sullivan,48,7
42115,Pennsylvania,Susquehanna,396,5
42117,Pennsylvania,Tioga,409,5
42119,Pennsylvania,Union,616,7
42121,Pennsylvania,Venango,495,5
42123,Pennsylvania,Warren,279,4
42125,Pennsylvania,Washington,1311,3
42127,Pennsylvania,Wayne,483,5
42129,Pennsylvania,Westmoreland,1880,3
42131,Pennsylvania,Wyoming,223,4
42133,Pennsylvania,York,4453,4
44000,Rhode Island,,4468,2
44001,Rhode Island,Bristol,159,2
44003,Rhode Island,Kent,596,2
44005,Rhode Island,Newport,295,2
44007,Rhode Island,Providence,3052,2
44009,Rhode Island,Washington,366,2
45000,South Carolina,,54575,5
45001,South Carolina,Abbeville,239,5
45003,South Carolina,Aiken,1829,5
45005,South Carolina,Allendale,51,3
45007,South Carolina,Anderson,2172,5
45009,South Carolina,Bamberg,129,5
45011,South Carolina,Barnwell,215,4
45013,South Carolina,Beaufort,2864,8
45015,South Carolina,Berkeley,2619,5
45017,South Carolina,Calhoun,150,5
45019,South Carolina,Charleston,3771,5
45021,South Carolina,Cherokee,541,4
45023,South Carolina,Chester,297,4
45025,South Carolina,Chesterfield,492,5
45027,South Carolina,Clarendon,314,5
45029,South Carolina,Colleton,389,5
45031,South Carolina,Darlington,607,4
45033,South Carolina,Dillon,316,4
45035,South Carolina,Dorchester,1842,5
45037,South Carolina,Edgefield,268,5
45039,South Carolina,Fairfield,173,4
45041,South Carolina,Florence,1388,4
45043,South Carolina,Georgetown,604,5
45045,South Carolina,Greenville,6752,5
45047,South Carolina,Greenwood,750,5
45049,South Carolina,Hampton,166,4
45051,South Carolina,Horry,3493,5
45053,South Carolina,Jasper,409,7
45055,South Carolina,Kershaw,684,4
45057,South Carolina,Lancaster,1080,5
45059,South Carolina,Laurens,688,5
45061,South Carolina,Lee,130,4
45063,South Carolina,Lexington,3042,4
45065,South Carolina,McCormick,54,5
45067,South Carolina,Marion,301,4
45069,South Carolina,Marlboro,206,4
45071,South Carolina,Newberry,485,6
45073,South Carolina,Oconee,851,5
45075,South Carolina,Orangeburg,779,4
45077,South Carolina,Pickens,1276,5
45079,South Carolina,Richland,3728,4
45081,South Carolina,Saluda,331,7
45083,South Carolina,Spartanburg,4030,5
45085,South Carolina,Sumter,1084,4
45087,South Carolina,Union,232,4
45089,South Carolina,Williamsburg,250,4
45091,South Carolina,York,2504,4
46000,South Dakota,,13134,6
46003,South Dakota,Aurora,73,11
46005,South Dakota,Beadle,413,8
46007,South Dakota,Bennett,96,8
46009,South Dakota,Bon Homme,101,7
46011,South Dakota,Brookings,354,5
46013,South Dakota,Brown,537,6
46015,South Dakota,Brule,154,11
46017,South Dakota,Buffalo,41,5
46019,South Dakota,Butte,173,7
46021,South Dakota,Campbell,23,10
46023,South Dakota,Charles Mix,267,10
46025,South Dakota,Clark,86,9
46027,South Dakota,Clay,125,5
46029,South Dakota,Codington,311,4
46031,South Dakota,Corson,143,10
46033,South Dakota,Custer,92,7
46035,South Dakota,Davison,241,5
46037,South Dakota,Day,124,10
46039,South Dakota,Deuel,80,7
46041,South Dakota,Dewey,166,8
46043,South Dakota,Douglas,85,11
46045,South Dakota,Edmunds,78,8
46047,South Dakota,Fall River,67,6
46049,South Dakota,Faulk,43,7
46051,South Dakota,Grant,117,7
46053,South Dakota,Gregory,98,10
46055,South Dakota,Haakon,41,9
46057,South Dakota,Hamlin,123,6
46059,South Dakota,Hand,73,10
46061,South Dakota,Hanson,77,7
46063,South Dakota,Harding,20,7
46065,South Dakota,Hughes,235,5
46067,South Dakota,Hutchinson,152,8
46069,South Dakota,Hyde,25,9
46071,South Dakota,Jackson,121,11
46073,South Dakota,Jerauld,52,11
46075,South Dakota,Jones,20,10
46077,South Dakota,Kingsbury,85,7
46079,South Dakota,Lake,135,5
46081,South Dakota,Lawrence,234,5
46083,South Dakota,Lincoln,615,4
46085,South Dakota,Lyman,104,9
46087,South Dakota,McCook,117,7
46089,South Dakota,McPherson,55,9
46091,South Dakota,Marshall,124,10
46093,South Dakota,Meade,337,5
46095,South Dakota,Mellette,50,8
46097,South Dakota,Miner,43,8
46099,South Dakota,Minnehaha,2390,5
46101,South Dakota,Moody,162,9
46102,South Dakota,Oglala Lakota,249,5
46103,South Dakota,Pennington,1586,6
46105,South Dakota,Perkins,65,10
46107,South Dakota,Potter,34,7
46109,South Dakota,Roberts,297,10
46111,South Dakota,Sanborn,50,8
46115,South Dakota,Spink,114,8
46117,South Dakota,Stanley,46,6
46119,South Dakota,Sully,28,9
46121,South Dakota,Todd,289,7
46123,South Dakota,Tripp,122,10
46125,South Dakota,Turner,131,6
46127,South Dakota,Union,193,5
46129,South Dakota,Walworth,98,7
46135,South Dakota,Yankton,285,6
46137,South Dakota,Ziebach,69,9
47000,Tennessee,,78797,5
47001,Tennessee,Anderson,735,4
47003,Tennessee,Bedford,755,6
47005,Tennessee,Benton,168,5
47007,Tennessee,Bledsoe,169,7
47009,Tennessee,Blount,1307,5
47011,Tennessee,Bradley,1325,6
47013,Tennessee,Campbell,416,5
47015,Tennessee,Cannon,180,6
47017,Tennessee,Carroll,293,5
47019,Tennessee,Carter,519,5
47021,Tennessee,Cheatham,513,5
47023,Tennessee,Chester,213,5
47025,Tennessee,Claiborne,288,5
47027,Tennessee,Clay,89,6
47029,Tennessee,Cocke,293,4
47031,Tennessee,Coffee,715,5
47033,Tennessee,Crockett,227,7
47035,Tennessee,Cumberland,540,5
47037,Tennessee,Davidson,8845,6
47039,Tennessee,Decatur,155,6
47041,Tennessee,DeKalb,286,6
47043,Tennessee,Dickson,612,5
47045,Tennessee,Dyer,418,5
47047,Tennessee,Fayette,388,5
47049,Tennessee,Fentress,217,6
47051,Tennessee,Franklin,460,5
47053,Tennessee,Gibson,578,5
47055,Tennessee,Giles,338,5
47057,Tennessee,Grainger,288,6
47059,Tennessee,Greene,683,5
47061,Tennessee,Grundy,154,5
47063,Tennessee,Hamblen,813,5
47065,Tennessee,Hamilton,3586,5
47067,Tennessee,Hancock,66,5
47069,Tennessee,Hardeman,257,5
47071,Tennessee,Hardin,321,6
47073,Tennessee,Hawkins,480,4
47075,Tennessee,Haywood,170,4
47077,Tennessee,Henderson,315,5
47079,Tennessee,Henry,345,5
47081,Tennessee,Hickman,315,6
47083,Tennessee,Houston,99,5
47085,Tennessee,Humphreys,219,5
47087,Tennessee,Jackson,125,6
47089,Tennessee,Jefferson,588,5
47091,Tennessee,Johnson,159,5
47093,Tennessee,Knox,4331,4
47095,Tennessee,Lake,47,5
47097,Tennessee,Lauderdale,257,4
47099,Tennessee,Lawrence,648,6
47101,Tennessee,Lewis,129,5
47103,Tennessee,Lincoln,419,5
47105,Tennessee,Loudon,660,6
47107,Tennessee,McMinn,572,5
47109,Tennessee,McNairy,310,5
47111,Tennessee,Macon,350,6
47113,Tennessee,Madison,1016,5
47115,Tennessee,Marion,284,5
47117,Tennessee,Marshall,399,5
47119,Tennessee,Maury,1139,5
47121,Tennessee,Meigs,155,6
47123,Tennessee,Monroe,558,6
47125,Tennessee,Montgomery,2107,4
47127,Tennessee,Moore,65,5
47129,Tennessee,Morgan,248,6
47131,Tennessee,Obion,346,5
47133,Tennessee,Overton,245,5
47135,Tennessee,Perry,103,6
47137,Tennessee,Pickett,57,6
47139,Tennessee,Polk,199,6
47141,Tennessee,Putnam,934,5
47143,Tennessee,Rhea,426,6
47145,Tennessee,Roane,434,4
47147,Tennessee,Robertson,1032,6
47149,Tennessee,Rutherford,4142,5
47151,Tennessee,Scott,253,5
47153,Tennessee,Sequatchie,159,5
47155,Tennessee,Sevier,1372,7
47157,Tennessee,Shelby,13240,6
47159,Tennessee,Smith,228,5
47161,Tennessee,Stewart,192,7
47163,Tennessee,Sullivan,1281,4
47165,Tennessee,Sumner,2169,5
47167,Tennessee,Tipton,761,5
47169,Tennessee,Trousdale,107,5
47171,Tennessee,Unicoi,167,5
47173,Tennessee,Union,242,6
47175,Tennessee,Van Buren,63,6
47177,Tennessee,Warren,774,8
47179,Tennessee,Washington,1094,4
47181,Tennessee,Wayne,164,6
47183,Tennessee,Weakley,351,5
47185,Tennessee,White,355,6
47187,Tennessee,Williamson,2605,4
47189,Tennessee,Wilson,1583,5
48000,Texas,,855304,11
48001,Texas,Anderson,1293,11
48003,Texas,Andrews,784,13
48005,Texas,Angelina,2670,12
48007,Texas,Aransas,668,15
48009,Texas,Archer,233,12
48011,Texas,Armstrong,60,13
48013,Texas,Atascosa,1607,11
48015,Texas,Austin,894,12
48017,Texas,Bailey,397,18
48019,Texas,Bandera,579,15
48021,Texas,Bastrop,3089,13
48023,Texas,Baylor,104,12
48025,Texas,Bee,651,9
48027,Texas,Bell,6828,7
48029,Texas,Bexar,44973,9
48031,Texas,Blanco,406,18
48033,Texas,Borden,13,9
48035,Texas,Bosque,652,16
48037,Texas,Bowie,2031,9
48039,Texas,Brazoria,11001,11
48041,Texas,Brazos,5375,11
48043,Texas,Brewster,211,12
48045,Texas,Briscoe,61,20
48047,Texas,Brooks,149,7
48049,Texas,Brown,850,10
48051,Texas,Burleson,559,13
48053,Texas,Burnet,1426,13
48055,Texas,Caldwell,1266,12
48057,Texas,Calhoun,611,11
48059,Texas,Callahan,361,11
48061,Texas,Cameron,18505,14
48063,Texas,Camp,405,11
48065,Texas,Carson,186,12
48067,Texas,Cass,698,10
48069,Texas,Castro,357,16
48071,Texas,Chambers,1245,10
48073,Texas,Cherokee,1755,13
48075,Texas,Childress,180,12
48077,Texas,Clay,291,13
48079,Texas,Cochran,121,16
48081,Texas,Coke,92,12
48083,Texas,Coleman,263,14
48085,Texas,Collin,23223,8
48087,Texas,Collingsworth,166,21
48089,Texas,Colorado,740,15
48091,Texas,Comal,3700,10
48093,Texas,Comanche,529,17
48095,Texas,Concho,78,15
48097,Texas,Cooke,1123,11
48099,Texas,Coryell,1359,8
48101,Texas,Cottle,58,18
48103,Texas,Crane,194,13
48105,Texas,Crockett,116,13
48107,Texas,Crosby,175,11
48109,Texas,Culberson,76,15
48111,Texas,Dallam,477,20
48113,Texas,Dallas,102076,14
48115,Texas,Dawson,469,14
48117,Texas,Deaf Smith,941,16
48119,Texas,Delta,147,11
48121,Texas,Denton,17611,8
48123,Texas,DeWitt,506,11
48125,Texas,Dickens,68,15
48127,Texas,Dimmit,298,10
48129,Texas,Donley,91,14
48131,Texas,Duval,281,10
48133,Texas,Eastland,545,13
48135,Texas,Ector,6773,13
48137,Texas,Edwards,73,16
48139,Texas,Ellis,6757,13
48141,Texas,El Paso,24362,10
48143,Texas,Erath,1144,13
48145,Texas,Falls,444,12
48147,Texas,Fannin,968,12
48149,Texas,Fayette,774,14
48151,Texas,Fisher,134,16
48153,Texas,Floyd,188,12
48155,Texas,Foard,41,16
48157,Texas,Fort Bend,18645,8
48159,Texas,Franklin,281,11
48161,Texas,Freestone,608,13
48163,Texas,Frio,483,10
48165,Texas,Gaines,1887,24
48167,Texas,Galveston,9010,11
48169,Texas,Garza,142,13
48171,Texas,Gillespie,950,17
48173,Texas,Glasscock,66,17
48175,Texas,Goliad,196,12
48177,Texas,Gonzales,841,15
48179,Texas,Gray,749,13
48181,Texas,Grayson,4372,13
48183,Texas,Gregg,3750,11
48185,Texas,Grimes,951,14
48187,Texas,Guadalupe,3465,8
48189,Texas,Hale,1068,11
48191,Texas,Hall,104,15
48193,Texas,Hamilton,285,15
48195,Texas,Hansford,332,20
48197,Texas,Hardeman,149,17
48199,Texas,Hardin,1302,9
48201,Texas,Harris,159305,12
48203,Texas,Harrison,1999,12
48205,Texas,Hartley,237,19
48207,Texas,Haskell,167,15
48209,Texas,Hays,5921,11
48211,Texas,Hemphill,232,19
48213,Texas,Henderson,2247,12
48215,Texas,Hidalgo,38973,14
48217,Texas,Hill,1132,13
48219,Texas,Hockley,766,12
48221,Texas,Hood,1383,10
48223,Texas,Hopkins,1275,14
48225,Texas,Houston,549,12
48227,Texas,Howard,868,11
48229,Texas,Hudspeth,165,16
48231,Texas,Hunt,2677,11
48233,Texas,Hutchinson,620,11
48235,Texas,Irion,35,10
48237,Texas,Jack,291,15
48239,Texas,Jackson,470,12
48241,Texas,Jasper,865,10
48243,Texas,Jeff Davis,20,19
48245,Texas,Jefferson,6328,10
48247,Texas,Jim Hogg,154,9
48249,Texas,Jim Wells,1208,10
48251,Texas,Johnson,5430,12
48253,Texas,Jones,383,11
48255,Texas,Karnes,459,13
48257,Texas,Kaufman,3697,10
48259,Texas,Kendall,1273,11
48261,Texas,Kenedy,21,16
48263,Texas,Kent,18,12
48265,Texas,Kerr,1358,13
48267,Texas,Kimble,98,12
48269,Texas,King,12,16
48271,Texas,Kinney,78,10
48273,Texas,Kleberg,731,9
48275,Texas,Knox,178,18
48277,Texas,Lamar,1380,11
48279,Texas,Lamb,554,15
48281,Texas,Lampasas,553,11
48283,Texas,La Salle,110,7
48285,Texas,Lavaca,578,12
48287,Texas,Lee,449,12
48289,Texas,Leon,798,20
48291,Texas,Liberty,2784,12
48293,Texas,Limestone,682,13
48295,Texas,Lipscomb,215,24
48297,Texas,Live Oak,382,15
48299,Texas,Llano,457,13
48301,Texas,Loving,8,13
48303,Texas,Lubbock,6626,9
48305,Texas,Lynn,213,13
48307,Texas,McCulloch,220,12
48309,Texas,McLennan,6791,11
48311,Texas,McMullen,16,11
48313,Texas,Madison,380,12
48315,Texas,Marion,202,11
48317,Texas,Martin,266,14
48319,Texas,Mason,214,23
48321,Texas,Matagorda,1253,13
48323,Texas,Maverick,2229,12
48325,Texas,Medina,1470,12
48327,Texas,Menard,82,21
48329,Texas,Midland,6101,12
48331,Texas,Milam,682,11
48333,Texas,Mills,181,18
48335,Texas,Mitchell,225,12
48337,Texas,Montague,667,14
48339,Texas,Montgomery,17720,11
48341,Texas,Moore,1073,15
48343,Texas,Morris,289,10
48345,Texas,Motley,35,14
48347,Texas,Nacogdoches,1804,12
48349,Texas,Navarro,1562,12
48351,Texas,Newton,347,12
48353,Texas,Nolan,417,10
48355,Texas,Nueces,9671,10
48357,Texas,Ochiltree,573,18
48359,Texas,Oldham,31,10
48361,Texas,Orange,2050,10
48363,Texas,Palo Pinto,1008,15
48365,Texas,Panola,676,12
48367,Texas,Parker,4202,12
48369,Texas,Parmer,570,20
48371,Texas,Pecos,547,14
48373,Texas,Polk,1316,13
48375,Texas,Potter,4073,12
48377,Texas,Presidio,321,17
48379,Texas,Rains,374,15
48381,Texas,Randall,2631,8
48383,Texas,Reagan,159,14
48385,Texas,Real,84,14
48387,Texas,Red River,257,10
48389,Texas,Reeves,444,12
48391,Texas,Refugio,166,10
48393,Texas,Roberts,27,11
48395,Texas,Robertson,538,13
48397,Texas,Rockwall,2861,10
48399,Texas,Runnels,273,11
48401,Texas,Rusk,1654,13
48403,Texas,Sabine,261,13
48405,Texas,San Augustine,186,11
48407,Texas,San Jacinto,917,14
48409,Texas,San Patricio,1627,9
48411,Texas,San Saba,223,18
48413,Texas,Schleicher,161,21
48415,Texas,Scurry,520,12
48417,Texas,Shackelford,133,17
48419,Texas,Shelby,1001,15
48421,Texas,Sherman,206,23
48423,Texas,Smith,7278,12
48425,Texas,Somervell,274,13
48427,Texas,Starr,3110,14
48429,Texas,Stephens,288,14
48431,Texas,Sterling,54,14
48433,Texas,Stonewall,51,16
48435,Texas,Sutton,122,13
48437,Texas,Swisher,250,13
48439,Texas,Tarrant,60367,11
48441,Texas,Taylor,3216,9
48443,Texas,Terrell,26,15
48445,Texas,Terry,496,14
48447,Texas,Throckmorton,62,20
48449,Texas,Titus,1048,11
48451,Texas,Tom Green,3049,10
48453,Texas,Travis,22753,8
48455,Texas,Trinity,392,13
48457,Texas,Tyler,440,10
48459,Texas,Upshur,1345,13
48461,Texas,Upton,145,13
48463,Texas,Uvalde,922,12
48465,Texas,Val Verde,1631,11
48467,Texas,Van Zandt,1765,13
48469,Texas,Victoria,2580,11
48471,Texas,Walker,1160,10
48473,Texas,Waller,1950,15
48475,Texas,Ward,446,13
48477,Texas,Washington,1092,14
48479,Texas,Webb,12072,13
48481,Texas,Wharton,1613,15
48483,Texas,Wheeler,258,19
48485,Texas,Wichita,2653,9
48487,Texas,Wilbarger,333,11
48489,Texas,Willacy,463,9
48491,Texas,Williamson,12862,8
48493,Texas,Wilson,1321,10
48495,Texas,Winkler,318,13
48497,Texas,Wise,2410,14
48499,Texas,Wood,1136,13
48501,Texas,Yoakum,435,15
48503,Texas,Young,642,14
48505,Texas,Zapata,567,12
48507,Texas,Zavala,289,8
49000,Utah,,69500,7
49001,Utah,Beaver,175,8
49003,Utah,Box Elder,1149,6
49005,Utah,Cache,2425,6
49007,Utah,Carbon,333,6
49009,Utah,Daggett,17,7
49011,Utah,Davis,5210,4
49013,Utah,Duchesne,776,11
49015,Utah,Emery,184,6
49017,Utah,Garfield,127,11
49019,Utah,Grand,168,8
49021,Utah,Iron,1185,8
49023,Utah,Juab,318,8
49025,Utah,Kane,137,7
49027,Utah,Millard,464,11
49029,Utah,Morgan,250,6
49031,Utah,Piute,34,11
49033,Utah,Rich,63,9
49035,Utah,Salt Lake,25710,8
49037,Utah,San Juan,452,9
49039,Utah,Sanpete,694,9
49041,Utah,Sevier,491,8
49043,Utah,Summit,949,9
49045,Utah,Tooele,1681,7
49047,Utah,Uintah,1297,11
49049,Utah,Utah,13892,6
49051,Utah,Wasatch,991,9
49053,Utah,Washington,4710,10
49055,Utah,Wayne,71,10
49057,Utah,Weber,5547,7
50000,Vermont,,1861,2
50001,Vermont,Addison,103,2
50003,Vermont,Bennington,120,2
50005,Vermont,Caledonia,86,1
50007,Vermont,Chittenden,426,1
50009,Vermont,Essex,22,2
50011,Vermont,Franklin,152,1
50013,Vermont,Grand Isle,25,2
50015,Vermont,Lamoille,98,2
50017,Vermont,Orange,91,2
50019,Vermont,Orleans,98,2
50021,Vermont,Rutland,152,1
50023,Vermont,Washington,176,2
50025,Vermont,Windham,126,2
50027,Vermont,Windsor,186,2
51000,Virginia,,95977,5
51001,Virginia,Accomack,577,9
51003,Virginia,Albemarle,1214,5
51005,Virginia,Alleghany,147,5
51007,Virginia,Amelia,218,8
51009,Virginia,Amherst,373,6
51011,Virginia,Appomattox,221,6
51013,Virginia,Arlington,1608,4
51015,Virginia,Augusta,783,5
51017,Virginia,Bath,45,7
51019,Virginia,Bedford,839,5
51021,Virginia,Bland,52,5
51023,Virginia,Botetourt,300,5
51025,Virginia,Brunswick,157,6
51027,Virginia,Buchanan,224,6
51029,Virginia,Buckingham,217,7
51031,Virginia,Campbell,607,5
51033,Virginia,Caroline,425,6
51035,Virginia,Carroll,350,6
51036,Virginia,Charles City,93,9
51037,Virginia,Charlotte,183,7
51041,Virginia,Chesterfield,4180,5
51043,Virginia,Clarke,205,7
51045,Virginia,Craig,46,5
51047,Virginia,Culpeper,867,7
51049,Virginia,Cumberland,114,6
51051,Virginia,Dickenson,170,6
51053,Virginia,Dinwiddie,327,6
51057,Virginia,Essex,121,6
51059,Virginia,Fairfax,12998,5
51061,Virginia,Fauquier,998,6
51063,Virginia,Floyd,241,7
51065,Virginia,Fluvanna,319,6
51067,Virginia,Franklin,712,6
51069,Virginia,Frederick,1242,6
51071,Virginia,Giles,168,5
51073,Virginia,Gloucester,395,5
51075,Virginia,Goochland,239,6
51077,Virginia,Grayson,173,6
51079,Virginia,Greene,311,6
51081,Virginia,Greensville,100,5
51083,Virginia,Halifax,373,5
51085,Virginia,Hanover,1012,4
51087,Virginia,Henrico,3442,4
51089,Virginia,Henry,513,5
51091,Virginia,Highland,35,12
51093,Virginia,Isle of Wight,459,6
51095,Virginia,James City,734,5
51097,Virginia,King and Queen,95,7
51099,Virginia,King George,287,4
51101,Virginia,King William,215,5
51103,Virginia,Lancaster,139,8
51105,Virginia,Lee,292,6
51107,Virginia,Loudoun,4316,4
51109,Virginia,Louisa,540,7
51111,Virginia,Lunenburg,179,8
51113,Virginia,Madison,193,7
51115,Virginia,Mathews,85,6
51117,Virginia,Mecklenburg,316,5
51119,Virginia,Middlesex,125,7
51121,Virginia,Montgomery,827,5
51125,Virginia,Nelson,218,8
51127,Virginia,New Kent,282,6
51131,Virginia,Northampton,197,8
51133,Virginia,Northumberland,130,7
51135,Virginia,Nottoway,215,7
51137,Virginia,Orange,478,6
51139,Virginia,Page,329,7
51141,Virginia,Patrick,223,7
51143,Virginia,Pittsylvania,633,5
51145,Virginia,Powhatan,338,6
51147,Virginia,Prince Edward,221,6
51149,Virginia,Prince George,402,5
51153,Virginia,Prince William,7062,5
51155,Virginia,Pulaski,289,5
51157,Virginia,Rappahannock,104,8
51159,Virginia,Richmond,108,7
51161,Virginia,Roanoke,819,4
51163,Virginia,Rockbridge,254,6
51165,Virginia,Rockingham,1282,7
51167,Virginia,Russell,289,6
51169,Virginia,Scott,185,5
51171,Virginia,Shenandoah,591,6
51173,Virginia,Smyth,283,5
51175,Virginia,Southampton,197,6
51177,Virginia,Spotsylvania,1850,5
51179,Virginia,Stafford,2060,5
51181,Virginia,Surry,63,6
51183,Virginia,Sussex,126,7
51185,Virginia,Tazewell,439,5
51187,Virginia,Warren,596,7
51191,Virginia,Washington,557,5
51193,Virginia,Westmoreland,211,6
51195,Virginia,Wise,368,5
51197,Virginia,Wythe,329,6
51199,Virginia,York,684,4
51510,Virginia,Alexandria City,1817,6
51520,Virginia,Bristol City,128,4
51530,Virginia,Buena Vista City,37,3
51540,Virginia,Charlottesville City,474,6
51550,Virginia,Chesapeake City,2513,4
51570,Virginia,Colonial Heights City,191,4
51580,Virginia,Covington City,38,4
51590,Virginia,Danville City,372,4
51595,Virginia,Emporia City,36,3
51600,Virginia,Fairfax City,341,5
51610,Virginia,Falls Church City,91,2
51620,Virginia,Franklin City,66,3
51630,Virginia,Fredericksburg City,336,5
51640,Virginia,Galax City,91,6
51650,Virginia,Hampton City,1039,4
51660,Virginia,Harrisonburg City,553,6
51670,Virginia,Hopewell City,248,4
51678,Virginia,Lexington City,32,5
51680,Virginia,Lynchburg City,677,4
51683,Virginia,Manassas City,877,8
51685,Virginia,Manassas Park City,281,7
51690,Virginia,Martinsville City,128,4
51700,Virginia,Newport News City,1855,4
51710,Virginia,Norfolk City,2749,6
51720,Virginia,Norton City,31,4
51730,Virginia,Petersburg City,292,4
51735,Virginia,Poquoson City,90,3
51740,Virginia,Portsmouth City,822,4
51750,Virginia,Radford City,89,4
51760,Virginia,Richmond City,2137,5
51770,Virginia,Roanoke City,1144,5
51775,Virginia,Salem City,196,4
51790,Virginia,Staunton City,225,5
51800,Virginia,Suffolk City,1135,5
51810,Virginia,Virginia Beach City,4917,5
51820,Virginia,Waynesboro City,300,6
51830,Virginia,Williamsburg City,93,5
51840,Virginia,Winchester City,388,6
53000,Washington,,48112,3
53001,Washington,Adams,283,4
53003,Washington,Asotin,116,2
53005,Washington,Benton,1385,2
53007,Washington,Chelan,709,4
53009,Washington,Clallam,551,4
53011,Washington,Clark,3128,3
53013,Washington,Columbia,24,3
53015,Washington,Cowlitz,677,3
53017,Washington,Douglas,402,4
53019,Washington,Ferry,59,4
53021,Washington,Franklin,1202,4
53023,Washington,Garfield,12,2
53025,Washington,Grant,1112,4
53027,Washington,Grays Harbor,517,3
53029,Washington,Island,426,3
53031,Washington,Jefferson,165,4
53033,Washington,King,10434,2
53035,Washington,Kitsap,1556,3
53037,Washington,Kittitas,261,3
53039,Washington,Klickitat,182,4
53041,Washington,Lewis,544,3
53043,Washington,Lincoln,91,4
53045,Washington,Mason,515,4
53047,Washington,Okanogan,479,5
53049,Washington,Pacific,142,4
53051,Washington,Pend Oreille,109,4
53053,Washington,Pierce,5529,3
53055,Washington,San Juan,117,5
53057,Washington,Skagit,987,3
53059,Washington,Skamania,83,4
53061,Washington,Snohomish,5902,3
53063,Washington,Spokane,2720,2
53065,Washington,Stevens,446,4
53067,Washington,Thurston,1655,3
53069,Washington,Wahkiakum,34,4
53071,Washington,Walla Walla,415,3
53073,Washington,Whatcom,1610,4
53075,Washington,Whitman,209,3
53077,Washington,Yakima,3324,4
54000,West Virginia,,12567,3
54001,West Virginia,Barbour,122,4
54003,West Virginia,Berkeley,896,3
54005,West Virginia,Boone,157,3
54007,West Virginia,Braxton,122,4
54009,West Virginia,Brooke,111,3
54011,West Virginia,Cabell,560,3
54013,West Virginia,Calhoun,57,4
54015,West Virginia,Clay,72,4
54017,West Virginia,Doddridge,50,4
54019,West Virginia,Fayette,314,3
54021,West Virginia,Gilmer,40,3
54023,West Virginia,Grant,90,4
54025,West Virginia,Greenbrier,257,4
54027,West Virginia,Hampshire,223,5
54029,West Virginia,Hancock,178,3
54031,West Virginia,Hardy,132,5
54033,West Virginia,Harrison,500,3
54035,West Virginia,Jackson,203,3
54037,West Virginia,Jefferson,440,3
54039,West Virginia,Kanawha,1182,3
54041,West Virginia,Lewis,122,4
54043,West Virginia,Lincoln,180,4
54045,West Virginia,Logan,259,4
54047,West Virginia,McDowell,152,4
54049,West Virginia,Marion,344,3
54051,West Virginia,Marshall,190,3
54053,West Virginia,Mason,189,3
54055,West Virginia,Mercer,423,3
54057,West Virginia,Mineral,159,3
54059,West Virginia,Mingo,199,4
54061,West Virginia,Monongalia,594,3
54063,West Virginia,Monroe,134,5
54065,West Virginia,Morgan,142,4
54067,West Virginia,Nicholas,190,4
54069,West Virginia,Ohio,222,3
54071,West Virginia,Pendleton,61,5
54073,West Virginia,Pleasants,37,3
54075,West Virginia,Pocahontas,60,4
54077,West Virginia,Preston,237,4
54079,West Virginia,Putnam,373,3
54081,West Virginia,Raleigh,459,3
54083,West Virginia,Randolph,191,3
54085,West Virginia,Ritchie,80,4
54087,West Virginia,Roane,128,4
54089,West Virginia,Summers,75,3
54091,West Virginia,Taylor,112,3
54093,West Virginia,Tucker,39,4
54095,West Virginia,Tyler,57,3
54097,West Virginia,Upshur,174,3
54099,West Virginia,Wayne,312,4
54101,West Virginia,Webster,58,3
54103,West Virginia,Wetzel,110,4
54105,West Virginia,Wirt,48,4
54107,West Virginia,Wood,600,3
54109,West Virginia,Wyoming,151,3
55000,Wisconsin,,50708,4
55001,Wisconsin,Adams,180,6
55003,Wisconsin,Ashland,156,4
55005,Wisconsin,Barron,662,7
55007,Wisconsin,Bayfield,173,7
55009,Wisconsin,Brown,2759,4
55011,Wisconsin,Buffalo,167,6
55013,Wisconsin,Burnett,162,6
55015,Wisconsin,Calumet,343,3
55017,Wisconsin,Chippewa,666,5
55019,Wisconsin,Clark,2028,20
55021,Wisconsin,Columbia,606,5
55023,Wisconsin,Crawford,175,5
55025,Wisconsin,Dane,3068,3
55027,Wisconsin,Dodge,634,4
55029,Wisconsin,Door,229,5
55031,Wisconsin,Douglas,329,4
55033,Wisconsin,Dunn,364,4
55035,Wisconsin,Eau Claire,795,4
55037,Wisconsin,Florence,33,5
55039,Wisconsin,Fond du Lac,876,4
55041,Wisconsin,Forest,108,6
55043,Wisconsin,Grant,780,7
55045,Wisconsin,Green,331,4
55047,Wisconsin,Green Lake,348,8
55049,Wisconsin,Iowa,225,4
55051,Wisconsin,Iron,42,5
55053,Wisconsin,Jackson,291,6
55055,Wisconsin,Jefferson,675,4
55057,Wisconsin,Juneau,280,5
55059,Wisconsin,Kenosha,1354,3
55061,Wisconsin,Kewaunee,182,4
55063,Wisconsin,La Crosse,713,3
55065,Wisconsin,Lafayette,352,8
55067,Wisconsin,Langlade,197,5
55069,Wisconsin,Lincoln,192,4
55071,Wisconsin,Manitowoc,694,4
55073,Wisconsin,Marathon,1256,4
55075,Wisconsin,Marinette,312,4
55077,Wisconsin,Marquette,195,6
55078,Wisconsin,Menominee,58,4
55079,Wisconsin,Milwaukee,7148,3
55081,Wisconsin,Monroe,790,7
55083,Wisconsin,Oconto,350,4
55085,Wisconsin,Oneida,264,4
55087,Wisconsin,Outagamie,1746,4
55089,Wisconsin,Ozaukee,596,3
55091,Wisconsin,Pepin,98,6
55093,Wisconsin,Pierce,360,4
55095,Wisconsin,Polk,432,5
55097,Wisconsin,Portage,469,3
55099,Wisconsin,Price,134,5
55101,Wisconsin,Racine,1583,3
55103,Wisconsin,Richland,260,7
55105,Wisconsin,Rock,1418,4
55107,Wisconsin,Rusk,190,7
55109,Wisconsin,St. Croix,665,3
55111,Wisconsin,Sauk,688,5
55113,Wisconsin,Sawyer,234,7
55115,Wisconsin,Shawano,468,5
55117,Wisconsin,Sheboygan,984,4
55119,Wisconsin,Taylor,257,5
55121,Wisconsin,Trempealeau,508,7
55123,Wisconsin,Vernon,762,9
55125,Wisconsin,Vilas,247,7
55127,Wisconsin,Walworth,1136,5
55129,Wisconsin,Washburn,149,5
55131,Wisconsin,Washington,881,3
55133,Wisconsin,Waukesha,2293,2
55135,Wisconsin,Waupaca,449,4
55137,Wisconsin,Waushara,280,6
55139,Wisconsin,Winnebago,1190,3
55141,Wisconsin,Wood,689,4
56000,Wyoming,,9475,7
56001,Wyoming,Albany,328,5
56003,Wyoming,Big Horn,331,11
56005,Wyoming,Campbell,902,7
56007,Wyoming,Carbon,289,8
56009,Wyoming,Converse,245,7
56011,Wyoming,Crook,177,9
56013,Wyoming,Fremont,974,9
56015,Wyoming,Goshen,238,9
56017,Wyoming,Hot Springs,60,6
56019,Wyoming,Johnson,131,7
56021,Wyoming,Laramie,1205,5
56023,Wyoming,Lincoln,387,7
56025,Wyoming,Natrona,1298,7
56027,Wyoming,Niobrara,45,10
56029,Wyoming,Park,444,7
56031,Wyoming,Platte,131,7
56033,Wyoming,Sheridan,376,6
56035,Wyoming,Sublette,181,8
56037,Wyoming,Sweetwater,709,6
56039,Wyoming,Teton,384,9
56041,Wyoming,Uinta,400,7
56043,Wyoming,Washakie,133,7
56045,Wyoming,Weston,107,7